Shipment ID,Business Unit,SCAC Code,Shipment Date,Requested Delivery Date,Actual Delivery Date,Late Reason
SHIP-100001,Business Unit B,KNIN,2025-08-17,2025-08-20,2025-08-19,None
SHIP-100002,Business Unit B,CHRW,2025-03-03,2025-03-07,2025-03-07,None
SHIP-100003,Business Unit B,CHRW,2025-10-26,2025-10-28,2025-10-28,None
SHIP-100004,Business Unit A,MAEU,2025-06-02,2025-06-05,2025-06-05,None
SHIP-100005,Business Unit A,EXPD,2025-02-02,2025-02-04,2025-02-03,None
SHIP-100006,Business Unit A,EXPD,2025-05-05,2025-05-10,2025-05-10,None
SHIP-100007,Business Unit A,KNIN,2025-01-25,2025-01-29,2025-01-29,None
SHIP-100008,Business Unit B,CHRW,2025-04-19,2025-04-22,2025-04-21,None
SHIP-100009,Business Unit B,EXPD,2025-10-17,2025-10-22,2025-10-21,None
SHIP-100010,Business Unit B,JBHT,2025-07-03,2025-07-06,2025-07-05,None
SHIP-100011,Business Unit A,EXPD,2025-03-24,2025-03-27,2025-03-27,None
SHIP-100012,Business Unit A,KNIN,2025-08-14,2025-08-17,2025-08-16,None
SHIP-100013,Business Unit B,EXPD,2025-07-25,2025-07-29,2025-07-28,None
SHIP-100014,Business Unit A,CHRW,2025-03-26,2025-03-28,2025-03-27,None
SHIP-100015,Business Unit A,MAEU,2025-09-23,2025-09-28,2025-09-28,None
SHIP-100016,Business Unit A,CHRW,2025-11-02,2025-11-04,2025-11-04,None
SHIP-100017,Business Unit A,JBHT,2025-05-05,2025-05-10,2025-05-09,None
SHIP-100018,Business Unit A,JBHT,2025-07-27,2025-07-29,2025-07-29,None
SHIP-100019,Business Unit B,KNIN,2025-05-13,2025-05-15,2025-05-14,None
SHIP-100020,Business Unit B,JBHT,2025-11-05,2025-11-10,2025-11-09,None
SHIP-100021,Business Unit A,MAEU,2025-03-26,2025-03-28,2025-03-28,None
SHIP-100022,Business Unit A,JBHT,2025-12-21,2025-12-24,2025-12-23,None
SHIP-100023,Business Unit A,MAEU,2025-10-08,2025-10-10,2025-10-10,None
SHIP-100024,Business Unit A,EXPD,2025-04-13,2025-04-16,2025-04-15,None
SHIP-100025,Business Unit B,CHRW,2025-10-19,2025-10-23,2025-10-23,None
SHIP-100026,Business Unit B,CHRW,2025-07-20,2025-07-22,2025-07-21,None
SHIP-100027,Business Unit B,KNIN,2025-02-11,2025-02-13,2025-02-12,None
SHIP-100028,Business Unit B,JBHT,2025-06-02,2025-06-06,2025-06-06,None
SHIP-100029,Business Unit A,MAEU,2025-01-07,2025-01-12,2025-01-11,None
SHIP-100030,Business Unit A,KNIN,2025-07-21,2025-07-25,2025-07-24,None
SHIP-100031,Business Unit A,JBHT,2025-02-02,2025-02-07,2025-02-07,None
SHIP-100032,Business Unit B,JBHT,2025-07-14,2025-07-19,2025-07-18,None
SHIP-100033,Business Unit B,MAEU,2025-12-31,2026-01-05,2026-01-05,None
SHIP-100034,Business Unit B,CHRW,2025-08-30,2025-09-01,2025-09-02,equipment failure
SHIP-100035,Business Unit A,CHRW,2025-05-10,2025-05-14,2025-05-14,None
SHIP-100036,Business Unit B,MAEU,2025-08-08,2025-08-12,2025-08-12,None
SHIP-100037,Business Unit A,KNIN,2025-12-16,2025-12-21,2025-12-20,None
SHIP-100038,Business Unit A,CHRW,2025-03-28,2025-03-30,2025-03-30,None
SHIP-100039,Business Unit B,KNIN,2025-10-31,2025-11-02,2025-11-02,None
SHIP-100040,Business Unit A,EXPD,2025-09-11,2025-09-15,2025-09-14,None
SHIP-100041,Business Unit B,CHRW,2025-01-05,2025-01-09,2025-01-09,None
SHIP-100042,Business Unit A,KNIN,2025-09-23,2025-09-26,2025-09-27,late pick
SHIP-100043,Business Unit A,JBHT,2025-06-30,2025-07-03,2025-07-02,None
SHIP-100044,Business Unit B,KNIN,2025-11-05,2025-11-09,2025-11-10,weather
SHIP-100045,Business Unit A,KNIN,2025-08-21,2025-08-24,2025-08-24,None
SHIP-100046,Business Unit A,KNIN,2025-12-08,2025-12-11,2025-12-12,late pick
SHIP-100047,Business Unit B,EXPD,2025-10-29,2025-11-01,2025-10-31,None
SHIP-100048,Business Unit A,CHRW,2025-02-14,2025-02-17,2025-02-16,None
SHIP-100049,Business Unit B,JBHT,2025-02-18,2025-02-23,2025-02-23,None
SHIP-100050,Business Unit B,CHRW,2025-11-06,2025-11-09,2025-11-09,None
SHIP-100051,Business Unit B,KNIN,2025-01-17,2025-01-22,2025-01-21,None
SHIP-100052,Business Unit B,JBHT,2025-06-28,2025-07-02,2025-07-01,None
SHIP-100053,Business Unit B,KNIN,2025-05-16,2025-05-20,2025-05-20,None
SHIP-100054,Business Unit B,MAEU,2025-01-27,2025-01-30,2025-01-30,None
SHIP-100055,Business Unit A,KNIN,2025-09-20,2025-09-23,2025-09-23,None
SHIP-100056,Business Unit B,JBHT,2025-03-01,2025-03-03,2025-03-02,None
SHIP-100057,Business Unit A,EXPD,2025-11-11,2025-11-16,2025-11-15,None
SHIP-100058,Business Unit A,MAEU,2025-09-15,2025-09-18,2025-09-18,None
SHIP-100059,Business Unit A,KNIN,2025-12-05,2025-12-10,2025-12-10,None
SHIP-100060,Business Unit B,KNIN,2025-05-17,2025-05-19,2025-05-18,None
SHIP-100061,Business Unit A,JBHT,2025-02-26,2025-03-02,2025-03-01,None
SHIP-100062,Business Unit A,MAEU,2025-03-01,2025-03-04,2025-03-03,None
SHIP-100063,Business Unit B,KNIN,2025-12-08,2025-12-12,2025-12-12,None
SHIP-100064,Business Unit B,CHRW,2025-08-30,2025-09-02,2025-09-02,None
SHIP-100065,Business Unit B,KNIN,2025-12-20,2025-12-24,2025-12-23,None
SHIP-100066,Business Unit B,CHRW,2025-07-19,2025-07-24,2025-07-23,None
SHIP-100067,Business Unit B,KNIN,2025-10-27,2025-11-01,2025-10-31,None
SHIP-100068,Business Unit A,KNIN,2025-01-23,2025-01-27,2025-01-26,None
SHIP-100069,Business Unit A,MAEU,2025-05-09,2025-05-11,2025-05-10,None
SHIP-100070,Business Unit B,CHRW,2025-07-09,2025-07-13,2025-07-13,None
SHIP-100071,Business Unit A,MAEU,2025-04-26,2025-04-29,2025-04-28,None
SHIP-100072,Business Unit A,EXPD,2025-10-02,2025-10-06,2025-10-06,None
SHIP-100073,Business Unit A,JBHT,2025-08-22,2025-08-26,2025-08-26,None
SHIP-100074,Business Unit A,MAEU,2025-03-05,2025-03-07,2025-03-08,traffic
SHIP-100075,Business Unit A,EXPD,2025-03-18,2025-03-21,2025-03-21,None
SHIP-100076,Business Unit A,EXPD,2025-09-19,2025-09-21,2025-09-21,None
SHIP-100077,Business Unit A,MAEU,2025-05-06,2025-05-11,2025-05-11,None
SHIP-100078,Business Unit B,JBHT,2025-06-20,2025-06-23,2025-06-23,None
SHIP-100079,Business Unit A,JBHT,2025-08-30,2025-09-02,2025-09-02,None
SHIP-100080,Business Unit B,MAEU,2025-08-11,2025-08-14,2025-08-14,None
SHIP-100081,Business Unit A,EXPD,2025-08-24,2025-08-27,2025-08-26,None
SHIP-100082,Business Unit A,CHRW,2025-01-28,2025-02-01,2025-01-31,None
SHIP-100083,Business Unit B,KNIN,2025-04-07,2025-04-12,2025-04-15,consignee reschedule
SHIP-100084,Business Unit A,CHRW,2025-12-12,2025-12-15,2025-12-16,weather
SHIP-100085,Business Unit A,JBHT,2025-08-25,2025-08-28,2025-08-27,None
SHIP-100086,Business Unit A,KNIN,2025-06-28,2025-07-02,2025-07-02,None
SHIP-100087,Business Unit B,MAEU,2025-01-06,2025-01-10,2025-01-12,late pick
SHIP-100088,Business Unit A,KNIN,2025-02-08,2025-02-12,2025-02-12,None
SHIP-100089,Business Unit B,CHRW,2025-05-25,2025-05-28,2025-05-27,None
SHIP-100090,Business Unit A,EXPD,2025-02-03,2025-02-08,2025-02-07,None
SHIP-100091,Business Unit B,KNIN,2025-01-04,2025-01-09,2025-01-09,None
SHIP-100092,Business Unit A,EXPD,2025-10-17,2025-10-19,2025-10-19,None
SHIP-100093,Business Unit B,JBHT,2025-04-12,2025-04-14,2025-04-13,None
SHIP-100094,Business Unit A,EXPD,2025-02-16,2025-02-18,2025-02-17,None
SHIP-100095,Business Unit A,KNIN,2025-03-31,2025-04-05,2025-04-04,None
SHIP-100096,Business Unit B,MAEU,2025-01-04,2025-01-07,2025-01-06,None
SHIP-100097,Business Unit B,CHRW,2025-09-09,2025-09-11,2025-09-11,None
SHIP-100098,Business Unit B,JBHT,2025-05-04,2025-05-06,2025-05-09,late pick
SHIP-100099,Business Unit A,JBHT,2025-07-11,2025-07-16,2025-07-15,None
SHIP-100100,Business Unit A,JBHT,2025-11-24,2025-11-29,2025-11-28,None
SHIP-100101,Business Unit A,CHRW,2025-10-21,2025-10-24,2025-10-24,None
SHIP-100102,Business Unit B,MAEU,2025-11-17,2025-11-21,2025-11-20,None
SHIP-100103,Business Unit B,KNIN,2025-11-15,2025-11-18,2025-11-18,None
SHIP-100104,Business Unit A,KNIN,2025-08-20,2025-08-25,2025-08-24,None
SHIP-100105,Business Unit A,CHRW,2025-04-26,2025-04-29,2025-04-29,None
SHIP-100106,Business Unit A,KNIN,2025-01-14,2025-01-17,2025-01-19,traffic
SHIP-100107,Business Unit B,MAEU,2025-03-28,2025-03-31,2025-03-30,None
SHIP-100108,Business Unit B,JBHT,2025-02-01,2025-02-05,2025-02-05,None
SHIP-100109,Business Unit A,JBHT,2025-04-10,2025-04-15,2025-04-14,None
SHIP-100110,Business Unit B,MAEU,2025-04-03,2025-04-08,2025-04-07,None
SHIP-100111,Business Unit A,MAEU,2025-01-17,2025-01-19,2025-01-19,None
SHIP-100112,Business Unit B,EXPD,2025-01-01,2025-01-05,2025-01-05,None
SHIP-100113,Business Unit B,EXPD,2025-08-18,2025-08-23,2025-08-22,None
SHIP-100114,Business Unit A,JBHT,2025-04-30,2025-05-05,2025-05-05,None
SHIP-100115,Business Unit B,CHRW,2025-11-18,2025-11-23,2025-11-23,None
SHIP-100116,Business Unit B,JBHT,2025-04-30,2025-05-03,2025-05-02,None
SHIP-100117,Business Unit B,MAEU,2025-06-26,2025-06-29,2025-06-28,None
SHIP-100118,Business Unit A,JBHT,2025-09-16,2025-09-21,2025-09-21,None
SHIP-100119,Business Unit A,KNIN,2025-12-14,2025-12-18,2025-12-18,None
SHIP-100120,Business Unit A,JBHT,2025-05-07,2025-05-09,2025-05-08,None
SHIP-100121,Business Unit B,KNIN,2025-05-30,2025-06-04,2025-06-04,None
SHIP-100122,Business Unit B,CHRW,2025-11-17,2025-11-19,2025-11-18,None
SHIP-100123,Business Unit A,CHRW,2025-12-13,2025-12-18,2025-12-18,None
SHIP-100124,Business Unit B,CHRW,2025-04-04,2025-04-06,2025-04-06,None
SHIP-100125,Business Unit B,EXPD,2025-10-01,2025-10-03,2025-10-02,None
SHIP-100126,Business Unit B,MAEU,2025-08-25,2025-08-30,2025-08-29,None
SHIP-100127,Business Unit B,JBHT,2025-08-17,2025-08-19,2025-08-19,None
SHIP-100128,Business Unit B,KNIN,2025-01-23,2025-01-25,2025-01-24,None
SHIP-100129,Business Unit B,CHRW,2025-03-13,2025-03-15,2025-03-14,None
SHIP-100130,Business Unit A,MAEU,2025-09-01,2025-09-04,2025-09-03,None
SHIP-100131,Business Unit B,EXPD,2025-11-21,2025-11-23,2025-11-22,None
SHIP-100132,Business Unit B,KNIN,2025-06-24,2025-06-28,2025-06-27,None
SHIP-100133,Business Unit B,CHRW,2025-02-04,2025-02-06,2025-02-06,None
SHIP-100134,Business Unit A,MAEU,2025-09-29,2025-10-03,2025-10-02,None
SHIP-100135,Business Unit A,KNIN,2025-04-01,2025-04-05,2025-04-04,None
SHIP-100136,Business Unit A,KNIN,2025-12-09,2025-12-11,2025-12-10,None
SHIP-100137,Business Unit A,CHRW,2025-12-01,2025-12-04,2025-12-07,late pick
SHIP-100138,Business Unit B,JBHT,2025-04-11,2025-04-16,2025-04-15,None
SHIP-100139,Business Unit A,JBHT,2025-04-06,2025-04-09,2025-04-08,None
SHIP-100140,Business Unit B,KNIN,2025-04-27,2025-04-30,2025-04-29,None
SHIP-100141,Business Unit A,KNIN,2025-03-31,2025-04-05,2025-04-04,None
SHIP-100142,Business Unit A,JBHT,2025-03-14,2025-03-16,2025-03-16,None
SHIP-100143,Business Unit B,JBHT,2025-06-07,2025-06-11,2025-06-11,None
SHIP-100144,Business Unit A,KNIN,2025-04-10,2025-04-13,2025-04-13,None
SHIP-100145,Business Unit A,MAEU,2025-07-01,2025-07-04,2025-07-03,None
SHIP-100146,Business Unit B,MAEU,2025-05-12,2025-05-14,2025-05-13,None
SHIP-100147,Business Unit A,KNIN,2025-10-02,2025-10-06,2025-10-05,None
SHIP-100148,Business Unit B,JBHT,2025-03-25,2025-03-29,2025-03-29,None
SHIP-100149,Business Unit A,KNIN,2025-01-17,2025-01-20,2025-01-20,None
SHIP-100150,Business Unit B,KNIN,2025-08-07,2025-08-09,2025-08-08,None
SHIP-100151,Business Unit B,JBHT,2025-06-24,2025-06-27,2025-06-27,None
SHIP-100152,Business Unit A,EXPD,2025-08-22,2025-08-25,2025-08-25,None
SHIP-100153,Business Unit A,EXPD,2025-07-28,2025-08-01,2025-08-01,None
SHIP-100154,Business Unit B,CHRW,2025-12-11,2025-12-14,2025-12-13,None
SHIP-100155,Business Unit B,KNIN,2025-09-11,2025-09-15,2025-09-15,None
SHIP-100156,Business Unit B,MAEU,2025-09-11,2025-09-14,2025-09-14,None
SHIP-100157,Business Unit B,JBHT,2025-02-23,2025-02-26,2025-02-26,None
SHIP-100158,Business Unit A,KNIN,2025-04-21,2025-04-25,2025-04-24,None
SHIP-100159,Business Unit A,CHRW,2025-05-15,2025-05-17,2025-05-17,None
SHIP-100160,Business Unit B,EXPD,2025-10-15,2025-10-19,2025-10-19,None
SHIP-100161,Business Unit A,MAEU,2025-05-09,2025-05-11,2025-05-10,None
SHIP-100162,Business Unit A,MAEU,2025-04-19,2025-04-22,2025-04-21,None
SHIP-100163,Business Unit B,CHRW,2025-07-17,2025-07-21,2025-07-23,late pick
SHIP-100164,Business Unit B,CHRW,2025-07-28,2025-08-02,2025-08-01,None
SHIP-100165,Business Unit B,JBHT,2025-02-22,2025-02-24,2025-02-23,None
SHIP-100166,Business Unit B,JBHT,2025-03-13,2025-03-17,2025-03-16,None
SHIP-100167,Business Unit A,CHRW,2025-10-21,2025-10-25,2025-10-25,None
SHIP-100168,Business Unit B,KNIN,2025-08-21,2025-08-23,2025-08-22,None
SHIP-100169,Business Unit B,EXPD,2025-10-13,2025-10-16,2025-10-16,None
SHIP-100170,Business Unit A,JBHT,2025-08-19,2025-08-22,2025-08-22,None
SHIP-100171,Business Unit B,MAEU,2025-09-22,2025-09-26,2025-09-25,None
SHIP-100172,Business Unit B,EXPD,2025-02-02,2025-02-06,2025-02-05,None
SHIP-100173,Business Unit B,CHRW,2025-04-28,2025-05-02,2025-05-02,None
SHIP-100174,Business Unit A,KNIN,2025-09-27,2025-10-02,2025-10-01,None
SHIP-100175,Business Unit A,KNIN,2025-04-19,2025-04-24,2025-04-23,None
SHIP-100176,Business Unit A,EXPD,2025-11-14,2025-11-19,2025-11-18,None
SHIP-100177,Business Unit B,JBHT,2025-05-25,2025-05-30,2025-05-30,None
SHIP-100178,Business Unit A,EXPD,2025-02-14,2025-02-18,2025-02-17,None
SHIP-100179,Business Unit B,JBHT,2025-03-22,2025-03-25,2025-03-24,None
SHIP-100180,Business Unit B,MAEU,2025-08-01,2025-08-06,2025-08-05,None
SHIP-100181,Business Unit A,KNIN,2025-12-12,2025-12-14,2025-12-14,None
SHIP-100182,Business Unit B,MAEU,2025-04-04,2025-04-08,2025-04-10,traffic
SHIP-100183,Business Unit B,MAEU,2025-08-07,2025-08-12,2025-08-12,None
SHIP-100184,Business Unit A,KNIN,2025-02-05,2025-02-09,2025-02-08,None
SHIP-100185,Business Unit B,EXPD,2025-10-13,2025-10-17,2025-10-16,None
SHIP-100186,Business Unit B,EXPD,2025-12-08,2025-12-12,2025-12-12,None
SHIP-100187,Business Unit A,MAEU,2025-03-10,2025-03-12,2025-03-11,None
SHIP-100188,Business Unit A,KNIN,2025-05-13,2025-05-15,2025-05-15,None
SHIP-100189,Business Unit A,EXPD,2025-08-26,2025-08-31,2025-08-30,None
SHIP-100190,Business Unit A,MAEU,2025-03-01,2025-03-06,2025-03-08,carrier delay
SHIP-100191,Business Unit B,JBHT,2025-11-30,2025-12-05,2025-12-04,None
SHIP-100192,Business Unit A,EXPD,2025-05-26,2025-05-30,2025-05-30,None
SHIP-100193,Business Unit B,KNIN,2025-08-09,2025-08-11,2025-08-13,carrier delay
SHIP-100194,Business Unit A,JBHT,2025-01-23,2025-01-25,2025-01-24,None
SHIP-100195,Business Unit B,CHRW,2025-01-22,2025-01-26,2025-01-25,None
SHIP-100196,Business Unit B,MAEU,2025-10-13,2025-10-18,2025-10-18,None
SHIP-100197,Business Unit B,JBHT,2025-07-17,2025-07-22,2025-07-25,consignee reschedule
SHIP-100198,Business Unit A,MAEU,2025-10-04,2025-10-06,2025-10-06,None
SHIP-100199,Business Unit B,KNIN,2025-11-01,2025-11-03,2025-11-02,None
SHIP-100200,Business Unit A,MAEU,2025-01-11,2025-01-15,2025-01-14,None
SHIP-100201,Business Unit B,EXPD,2025-05-02,2025-05-06,2025-05-09,carrier delay
SHIP-100202,Business Unit A,CHRW,2025-02-19,2025-02-24,2025-02-23,None
SHIP-100203,Business Unit A,MAEU,2025-05-22,2025-05-25,2025-05-25,None
SHIP-100204,Business Unit B,CHRW,2025-07-22,2025-07-24,2025-07-23,None
SHIP-100205,Business Unit A,CHRW,2025-03-07,2025-03-12,2025-03-12,None
SHIP-100206,Business Unit A,KNIN,2025-05-17,2025-05-20,2025-05-20,None
SHIP-100207,Business Unit B,EXPD,2025-10-17,2025-10-22,2025-10-24,late pick
SHIP-100208,Business Unit A,KNIN,2025-05-18,2025-05-20,2025-05-20,None
SHIP-100209,Business Unit A,CHRW,2025-10-09,2025-10-13,2025-10-14,traffic
SHIP-100210,Business Unit B,CHRW,2025-07-16,2025-07-20,2025-07-20,None
SHIP-100211,Business Unit A,KNIN,2025-01-22,2025-01-25,2025-01-24,None
SHIP-100212,Business Unit A,KNIN,2025-10-23,2025-10-27,2025-10-27,None
SHIP-100213,Business Unit A,EXPD,2025-08-24,2025-08-29,2025-08-28,None
SHIP-100214,Business Unit B,JBHT,2025-03-25,2025-03-28,2025-03-28,None
SHIP-100215,Business Unit A,MAEU,2025-08-09,2025-08-11,2025-08-13,weather
SHIP-100216,Business Unit A,CHRW,2025-07-21,2025-07-24,2025-07-23,None
SHIP-100217,Business Unit B,MAEU,2025-03-30,2025-04-04,2025-04-04,None
SHIP-100218,Business Unit A,KNIN,2025-08-24,2025-08-28,2025-08-27,None
SHIP-100219,Business Unit A,CHRW,2025-04-20,2025-04-24,2025-04-23,None
SHIP-100220,Business Unit A,JBHT,2025-01-15,2025-01-17,2025-01-17,None
SHIP-100221,Business Unit A,EXPD,2025-01-21,2025-01-24,2025-01-23,None
SHIP-100222,Business Unit A,CHRW,2025-03-05,2025-03-10,2025-03-09,None
SHIP-100223,Business Unit B,JBHT,2025-05-27,2025-05-29,2025-05-29,None
SHIP-100224,Business Unit A,CHRW,2025-11-20,2025-11-23,2025-11-23,None
SHIP-100225,Business Unit A,JBHT,2025-06-21,2025-06-25,2025-06-25,None
SHIP-100226,Business Unit A,CHRW,2025-02-07,2025-02-09,2025-02-09,None
SHIP-100227,Business Unit A,KNIN,2025-06-28,2025-06-30,2025-06-29,None
SHIP-100228,Business Unit A,JBHT,2025-06-23,2025-06-28,2025-06-28,None
SHIP-100229,Business Unit B,EXPD,2025-08-30,2025-09-03,2025-09-03,None
SHIP-100230,Business Unit B,EXPD,2025-02-27,2025-03-02,2025-03-01,None
SHIP-100231,Business Unit A,JBHT,2025-10-23,2025-10-28,2025-10-28,None
SHIP-100232,Business Unit A,MAEU,2025-06-07,2025-06-12,2025-06-11,None
SHIP-100233,Business Unit A,CHRW,2025-12-21,2025-12-24,2025-12-23,None
SHIP-100234,Business Unit A,JBHT,2025-02-16,2025-02-20,2025-02-19,None
SHIP-100235,Business Unit A,CHRW,2025-06-23,2025-06-25,2025-06-26,carrier delay
SHIP-100236,Business Unit B,KNIN,2025-02-25,2025-02-27,2025-02-26,None
SHIP-100237,Business Unit B,JBHT,2025-06-08,2025-06-11,2025-06-13,equipment failure
SHIP-100238,Business Unit B,KNIN,2025-03-30,2025-04-03,2025-04-02,None
SHIP-100239,Business Unit B,JBHT,2025-11-11,2025-11-14,2025-11-17,weather
SHIP-100240,Business Unit A,CHRW,2025-08-09,2025-08-11,2025-08-11,None
SHIP-100241,Business Unit A,MAEU,2025-10-17,2025-10-22,2025-10-21,None
SHIP-100242,Business Unit A,JBHT,2025-12-28,2025-12-31,2025-12-31,None
SHIP-100243,Business Unit A,KNIN,2025-07-10,2025-07-12,2025-07-11,None
SHIP-100244,Business Unit A,CHRW,2025-03-01,2025-03-03,2025-03-02,None
SHIP-100245,Business Unit B,EXPD,2025-05-17,2025-05-20,2025-05-20,None
SHIP-100246,Business Unit A,EXPD,2025-05-09,2025-05-11,2025-05-10,None
SHIP-100247,Business Unit B,KNIN,2025-09-25,2025-09-30,2025-10-01,carrier delay
SHIP-100248,Business Unit A,MAEU,2025-09-18,2025-09-23,2025-09-23,None
SHIP-100249,Business Unit A,MAEU,2025-02-08,2025-02-13,2025-02-13,None
SHIP-100250,Business Unit B,JBHT,2025-03-13,2025-03-15,2025-03-16,traffic
SHIP-100251,Business Unit A,KNIN,2025-04-11,2025-04-13,2025-04-12,None
SHIP-100252,Business Unit A,JBHT,2025-04-25,2025-04-30,2025-04-29,None
SHIP-100253,Business Unit B,JBHT,2025-05-23,2025-05-25,2025-05-25,None
SHIP-100254,Business Unit A,CHRW,2025-06-14,2025-06-16,2025-06-16,None
SHIP-100255,Business Unit B,JBHT,2025-09-26,2025-09-29,2025-09-29,None
SHIP-100256,Business Unit B,KNIN,2025-07-01,2025-07-06,2025-07-06,None
SHIP-100257,Business Unit B,CHRW,2025-01-25,2025-01-29,2025-01-30,weather
SHIP-100258,Business Unit A,MAEU,2025-06-17,2025-06-21,2025-06-20,None
SHIP-100259,Business Unit B,JBHT,2025-08-07,2025-08-11,2025-08-11,None
SHIP-100260,Business Unit B,EXPD,2025-09-07,2025-09-10,2025-09-10,None
SHIP-100261,Business Unit A,CHRW,2025-05-24,2025-05-27,2025-05-27,None
SHIP-100262,Business Unit B,KNIN,2025-12-21,2025-12-26,2025-12-25,None
SHIP-100263,Business Unit A,EXPD,2025-08-04,2025-08-08,2025-08-08,None
SHIP-100264,Business Unit A,CHRW,2025-08-03,2025-08-06,2025-08-05,None
SHIP-100265,Business Unit B,EXPD,2025-12-24,2025-12-29,2025-12-29,None
SHIP-100266,Business Unit B,KNIN,2025-12-05,2025-12-07,2025-12-07,None
SHIP-100267,Business Unit B,JBHT,2025-10-27,2025-10-31,2025-10-30,None
SHIP-100268,Business Unit A,MAEU,2025-05-07,2025-05-11,2025-05-11,None
SHIP-100269,Business Unit B,MAEU,2025-07-09,2025-07-12,2025-07-12,None
SHIP-100270,Business Unit A,CHRW,2025-12-20,2025-12-23,2025-12-22,None
SHIP-100271,Business Unit B,JBHT,2025-06-11,2025-06-15,2025-06-15,None
SHIP-100272,Business Unit A,MAEU,2025-04-11,2025-04-16,2025-04-17,carrier delay
SHIP-100273,Business Unit B,EXPD,2025-03-11,2025-03-16,2025-03-16,None
SHIP-100274,Business Unit A,JBHT,2025-06-04,2025-06-07,2025-06-06,None
SHIP-100275,Business Unit B,MAEU,2025-02-28,2025-03-03,2025-03-02,None
SHIP-100276,Business Unit A,JBHT,2025-03-18,2025-03-22,2025-03-21,None
SHIP-100277,Business Unit B,MAEU,2025-04-08,2025-04-12,2025-04-12,None
SHIP-100278,Business Unit B,JBHT,2025-08-01,2025-08-06,2025-08-09,carrier delay
SHIP-100279,Business Unit A,KNIN,2025-07-26,2025-07-31,2025-08-01,late pick
SHIP-100280,Business Unit B,JBHT,2025-04-23,2025-04-25,2025-04-24,None
SHIP-100281,Business Unit B,CHRW,2025-07-09,2025-07-14,2025-07-13,None
SHIP-100282,Business Unit A,CHRW,2025-02-03,2025-02-06,2025-02-09,carrier delay
SHIP-100283,Business Unit B,CHRW,2025-05-31,2025-06-02,2025-06-02,None
SHIP-100284,Business Unit A,JBHT,2025-10-07,2025-10-11,2025-10-10,None
SHIP-100285,Business Unit A,JBHT,2025-05-15,2025-05-17,2025-05-17,None
SHIP-100286,Business Unit B,EXPD,2025-08-20,2025-08-25,2025-08-24,None
SHIP-100287,Business Unit A,JBHT,2025-03-16,2025-03-18,2025-03-17,None
SHIP-100288,Business Unit B,JBHT,2025-11-08,2025-11-10,2025-11-09,None
SHIP-100289,Business Unit A,JBHT,2025-07-13,2025-07-18,2025-07-18,None
SHIP-100290,Business Unit B,MAEU,2025-12-16,2025-12-19,2025-12-21,equipment failure
SHIP-100291,Business Unit A,JBHT,2025-10-03,2025-10-06,2025-10-06,None
SHIP-100292,Business Unit B,MAEU,2025-12-15,2025-12-18,2025-12-17,None
SHIP-100293,Business Unit A,KNIN,2025-01-13,2025-01-16,2025-01-15,None
SHIP-100294,Business Unit A,CHRW,2026-01-01,2026-01-06,2026-01-06,None
SHIP-100295,Business Unit B,EXPD,2025-07-12,2025-07-14,2025-07-14,None
SHIP-100296,Business Unit B,JBHT,2025-10-07,2025-10-12,2025-10-11,None
SHIP-100297,Business Unit A,KNIN,2025-06-02,2025-06-04,2025-06-04,None
SHIP-100298,Business Unit B,CHRW,2025-04-10,2025-04-13,2025-04-13,None
SHIP-100299,Business Unit A,MAEU,2025-10-26,2025-10-30,2025-10-31,late pick
SHIP-100300,Business Unit A,MAEU,2025-02-10,2025-02-14,2025-02-14,None
SHIP-100301,Business Unit B,CHRW,2025-06-22,2025-06-26,2025-06-25,None
SHIP-100302,Business Unit A,EXPD,2025-05-19,2025-05-23,2025-05-22,None
SHIP-100303,Business Unit B,EXPD,2025-07-12,2025-07-16,2025-07-16,None
SHIP-100304,Business Unit A,EXPD,2025-08-06,2025-08-09,2025-08-08,None
SHIP-100305,Business Unit B,CHRW,2025-10-05,2025-10-07,2025-10-07,None
SHIP-100306,Business Unit A,MAEU,2025-08-13,2025-08-17,2025-08-16,None
SHIP-100307,Business Unit B,CHRW,2025-10-28,2025-10-31,2025-10-31,None
SHIP-100308,Business Unit B,EXPD,2025-03-08,2025-03-12,2025-03-12,None
SHIP-100309,Business Unit B,MAEU,2025-02-08,2025-02-10,2025-02-09,None
SHIP-100310,Business Unit A,KNIN,2025-07-04,2025-07-07,2025-07-06,None
SHIP-100311,Business Unit A,EXPD,2025-01-19,2025-01-24,2025-01-25,weather
SHIP-100312,Business Unit B,JBHT,2025-01-08,2025-01-11,2025-01-11,None
SHIP-100313,Business Unit B,CHRW,2025-01-25,2025-01-30,2025-01-29,None
SHIP-100314,Business Unit B,EXPD,2025-07-01,2025-07-03,2025-07-02,None
SHIP-100315,Business Unit A,EXPD,2025-05-04,2025-05-07,2025-05-10,equipment failure
SHIP-100316,Business Unit B,KNIN,2025-07-16,2025-07-20,2025-07-20,None
SHIP-100317,Business Unit A,JBHT,2025-10-12,2025-10-15,2025-10-14,None
SHIP-100318,Business Unit B,JBHT,2025-06-26,2025-06-30,2025-06-29,None
SHIP-100319,Business Unit A,MAEU,2025-12-18,2025-12-22,2025-12-22,None
SHIP-100320,Business Unit B,EXPD,2025-06-13,2025-06-16,2025-06-16,None
SHIP-100321,Business Unit B,KNIN,2025-10-14,2025-10-16,2025-10-16,None
SHIP-100322,Business Unit B,KNIN,2025-12-02,2025-12-06,2025-12-05,None
SHIP-100323,Business Unit B,KNIN,2025-03-18,2025-03-22,2025-03-22,None
SHIP-100324,Business Unit B,MAEU,2025-01-19,2025-01-22,2025-01-22,None
SHIP-100325,Business Unit A,JBHT,2025-07-31,2025-08-05,2025-08-05,None
SHIP-100326,Business Unit B,JBHT,2025-09-23,2025-09-28,2025-10-01,traffic
SHIP-100327,Business Unit B,MAEU,2025-11-15,2025-11-18,2025-11-17,None
SHIP-100328,Business Unit A,EXPD,2025-05-07,2025-05-10,2025-05-09,None
SHIP-100329,Business Unit B,JBHT,2025-08-08,2025-08-11,2025-08-11,None
SHIP-100330,Business Unit B,CHRW,2025-05-21,2025-05-24,2025-05-23,None
SHIP-100331,Business Unit A,EXPD,2025-03-24,2025-03-29,2025-03-29,None
SHIP-100332,Business Unit A,KNIN,2025-02-01,2025-02-05,2025-02-04,None
SHIP-100333,Business Unit B,KNIN,2025-05-22,2025-05-27,2025-05-27,None
SHIP-100334,Business Unit A,JBHT,2025-11-07,2025-11-09,2025-11-09,None
SHIP-100335,Business Unit B,CHRW,2025-08-14,2025-08-16,2025-08-19,weather
SHIP-100336,Business Unit A,MAEU,2025-12-22,2025-12-27,2025-12-30,late pick
SHIP-100337,Business Unit B,CHRW,2025-04-18,2025-04-21,2025-04-21,None
SHIP-100338,Business Unit B,MAEU,2025-11-09,2025-11-14,2025-11-13,None
SHIP-100339,Business Unit A,MAEU,2025-10-21,2025-10-25,2025-10-24,None
SHIP-100340,Business Unit B,JBHT,2025-12-23,2025-12-26,2025-12-26,None
SHIP-100341,Business Unit A,JBHT,2025-10-02,2025-10-07,2025-10-06,None
SHIP-100342,Business Unit B,CHRW,2025-08-15,2025-08-19,2025-08-19,None
SHIP-100343,Business Unit A,EXPD,2025-10-01,2025-10-04,2025-10-04,None
SHIP-100344,Business Unit A,EXPD,2025-04-09,2025-04-12,2025-04-11,None
SHIP-100345,Business Unit B,EXPD,2025-02-05,2025-02-09,2025-02-09,None
SHIP-100346,Business Unit A,EXPD,2025-01-02,2025-01-04,2025-01-03,None
SHIP-100347,Business Unit A,EXPD,2025-11-29,2025-12-03,2025-12-02,None
SHIP-100348,Business Unit B,EXPD,2025-06-03,2025-06-08,2025-06-07,None
SHIP-100349,Business Unit B,JBHT,2025-01-25,2025-01-28,2025-01-28,None
SHIP-100350,Business Unit B,MAEU,2025-02-08,2025-02-12,2025-02-12,None
SHIP-100351,Business Unit A,EXPD,2025-07-06,2025-07-10,2025-07-13,traffic
SHIP-100352,Business Unit B,JBHT,2025-07-01,2025-07-03,2025-07-02,None
SHIP-100353,Business Unit A,JBHT,2025-07-24,2025-07-27,2025-07-27,None
SHIP-100354,Business Unit B,CHRW,2025-11-25,2025-11-28,2025-11-27,None
SHIP-100355,Business Unit A,CHRW,2025-07-01,2025-07-06,2025-07-08,late pick
SHIP-100356,Business Unit B,CHRW,2025-09-22,2025-09-26,2025-09-26,None
SHIP-100357,Business Unit A,KNIN,2025-01-18,2025-01-20,2025-01-20,None
SHIP-100358,Business Unit A,CHRW,2025-01-23,2025-01-27,2025-01-28,equipment failure
SHIP-100359,Business Unit A,CHRW,2025-10-10,2025-10-15,2025-10-14,None
SHIP-100360,Business Unit A,EXPD,2025-03-23,2025-03-28,2025-03-28,None
SHIP-100361,Business Unit B,MAEU,2025-01-01,2025-01-06,2025-01-06,None
SHIP-100362,Business Unit B,EXPD,2025-10-06,2025-10-11,2025-10-10,None
SHIP-100363,Business Unit A,JBHT,2025-02-27,2025-03-03,2025-03-03,None
SHIP-100364,Business Unit B,EXPD,2025-04-27,2025-04-29,2025-04-28,None
SHIP-100365,Business Unit B,KNIN,2025-12-28,2025-12-31,2025-12-30,None
SHIP-100366,Business Unit B,EXPD,2025-06-30,2025-07-04,2025-07-04,None
SHIP-100367,Business Unit B,KNIN,2025-01-07,2025-01-10,2025-01-09,None
SHIP-100368,Business Unit B,CHRW,2025-03-07,2025-03-12,2025-03-12,None
SHIP-100369,Business Unit B,KNIN,2025-02-15,2025-02-18,2025-02-18,None
SHIP-100370,Business Unit A,EXPD,2025-10-25,2025-10-29,2025-10-29,None
SHIP-100371,Business Unit B,JBHT,2025-05-31,2025-06-02,2025-06-01,None
SHIP-100372,Business Unit B,EXPD,2025-06-24,2025-06-29,2025-06-30,traffic
SHIP-100373,Business Unit A,MAEU,2025-09-12,2025-09-17,2025-09-17,None
SHIP-100374,Business Unit A,EXPD,2025-08-25,2025-08-27,2025-08-26,None
SHIP-100375,Business Unit B,JBHT,2025-07-16,2025-07-18,2025-07-18,None
SHIP-100376,Business Unit B,KNIN,2025-01-25,2025-01-30,2025-01-30,None
SHIP-100377,Business Unit B,MAEU,2025-03-30,2025-04-04,2025-04-04,None
SHIP-100378,Business Unit B,KNIN,2025-12-04,2025-12-09,2025-12-09,None
SHIP-100379,Business Unit A,KNIN,2025-10-31,2025-11-02,2025-11-04,carrier delay
SHIP-100380,Business Unit A,KNIN,2025-04-06,2025-04-09,2025-04-09,None
SHIP-100381,Business Unit B,JBHT,2025-09-19,2025-09-23,2025-09-23,None
SHIP-100382,Business Unit B,CHRW,2025-05-29,2025-06-01,2025-06-01,None
SHIP-100383,Business Unit A,KNIN,2025-09-05,2025-09-10,2025-09-09,None
SHIP-100384,Business Unit A,KNIN,2025-11-11,2025-11-14,2025-11-15,weather
SHIP-100385,Business Unit B,CHRW,2025-09-12,2025-09-16,2025-09-16,None
SHIP-100386,Business Unit B,CHRW,2025-03-07,2025-03-10,2025-03-10,None
SHIP-100387,Business Unit A,JBHT,2025-03-20,2025-03-24,2025-03-24,None
SHIP-100388,Business Unit A,MAEU,2025-10-25,2025-10-27,2025-10-27,None
SHIP-100389,Business Unit B,JBHT,2025-01-27,2025-01-31,2025-01-30,None
SHIP-100390,Business Unit B,MAEU,2025-09-28,2025-10-01,2025-09-30,None
SHIP-100391,Business Unit A,EXPD,2025-10-07,2025-10-09,2025-10-08,None
SHIP-100392,Business Unit A,KNIN,2025-01-21,2025-01-23,2025-01-22,None
SHIP-100393,Business Unit A,EXPD,2025-02-09,2025-02-12,2025-02-12,None
SHIP-100394,Business Unit B,MAEU,2025-12-10,2025-12-15,2025-12-15,None
SHIP-100395,Business Unit A,KNIN,2025-11-26,2025-11-30,2025-11-30,None
SHIP-100396,Business Unit B,CHRW,2025-05-20,2025-05-22,2025-05-22,None
SHIP-100397,Business Unit B,JBHT,2025-05-18,2025-05-21,2025-05-21,None
SHIP-100398,Business Unit A,JBHT,2025-10-17,2025-10-19,2025-10-18,None
SHIP-100399,Business Unit B,KNIN,2025-09-01,2025-09-04,2025-09-04,None
SHIP-100400,Business Unit A,CHRW,2025-07-08,2025-07-11,2025-07-11,None
SHIP-100401,Business Unit B,KNIN,2025-08-13,2025-08-15,2025-08-14,None
SHIP-100402,Business Unit B,EXPD,2025-10-17,2025-10-21,2025-10-20,None
SHIP-100403,Business Unit B,JBHT,2025-12-28,2025-12-31,2025-12-31,None
SHIP-100404,Business Unit A,MAEU,2025-08-16,2025-08-20,2025-08-19,None
SHIP-100405,Business Unit A,KNIN,2025-01-09,2025-01-12,2025-01-11,None
SHIP-100406,Business Unit A,EXPD,2025-03-03,2025-03-07,2025-03-07,None
SHIP-100407,Business Unit B,JBHT,2025-11-27,2025-11-29,2025-11-29,None
SHIP-100408,Business Unit A,EXPD,2025-03-15,2025-03-17,2025-03-16,None
SHIP-100409,Business Unit B,JBHT,2025-01-04,2025-01-09,2025-01-09,None
SHIP-100410,Business Unit B,MAEU,2025-08-21,2025-08-23,2025-08-23,None
SHIP-100411,Business Unit B,KNIN,2025-05-20,2025-05-24,2025-05-23,None
SHIP-100412,Business Unit A,JBHT,2025-04-23,2025-04-25,2025-04-25,None
SHIP-100413,Business Unit B,CHRW,2025-05-17,2025-05-19,2025-05-19,None
SHIP-100414,Business Unit A,MAEU,2025-08-18,2025-08-21,2025-08-20,None
SHIP-100415,Business Unit B,KNIN,2025-05-05,2025-05-07,2025-05-06,None
SHIP-100416,Business Unit A,JBHT,2025-03-05,2025-03-07,2025-03-10,carrier delay
SHIP-100417,Business Unit A,MAEU,2025-06-30,2025-07-03,2025-07-02,None
SHIP-100418,Business Unit A,EXPD,2025-08-10,2025-08-13,2025-08-13,None
SHIP-100419,Business Unit A,EXPD,2025-09-30,2025-10-03,2025-10-03,None
SHIP-100420,Business Unit B,EXPD,2025-05-22,2025-05-26,2025-05-25,None
SHIP-100421,Business Unit A,KNIN,2025-03-12,2025-03-16,2025-03-15,None
SHIP-100422,Business Unit A,CHRW,2025-03-31,2025-04-04,2025-04-04,None
SHIP-100423,Business Unit B,CHRW,2025-03-16,2025-03-20,2025-03-23,consignee reschedule
SHIP-100424,Business Unit B,MAEU,2025-01-01,2025-01-04,2025-01-04,None
SHIP-100425,Business Unit A,EXPD,2025-10-11,2025-10-15,2025-10-14,None
SHIP-100426,Business Unit A,EXPD,2025-01-04,2025-01-06,2025-01-06,None
SHIP-100427,Business Unit B,CHRW,2025-07-05,2025-07-09,2025-07-08,None
SHIP-100428,Business Unit B,KNIN,2025-07-23,2025-07-27,2025-07-26,None
SHIP-100429,Business Unit A,MAEU,2025-06-14,2025-06-19,2025-06-18,None
SHIP-100430,Business Unit B,JBHT,2025-05-16,2025-05-18,2025-05-18,None
SHIP-100431,Business Unit B,EXPD,2025-08-16,2025-08-21,2025-08-20,None
SHIP-100432,Business Unit A,KNIN,2025-11-07,2025-11-11,2025-11-10,None
SHIP-100433,Business Unit B,KNIN,2025-03-28,2025-03-30,2025-04-02,carrier delay
SHIP-100434,Business Unit B,CHRW,2025-03-30,2025-04-01,2025-03-31,None
SHIP-100435,Business Unit A,MAEU,2025-06-26,2025-06-30,2025-07-01,weather
SHIP-100436,Business Unit B,EXPD,2025-01-02,2025-01-04,2025-01-04,None
SHIP-100437,Business Unit B,KNIN,2025-05-17,2025-05-20,2025-05-19,None
SHIP-100438,Business Unit B,EXPD,2025-09-12,2025-09-17,2025-09-17,None
SHIP-100439,Business Unit B,MAEU,2025-10-22,2025-10-24,2025-10-26,consignee reschedule
SHIP-100440,Business Unit A,CHRW,2025-05-04,2025-05-09,2025-05-08,None
SHIP-100441,Business Unit B,CHRW,2025-02-07,2025-02-09,2025-02-09,None
SHIP-100442,Business Unit A,JBHT,2025-05-12,2025-05-17,2025-05-17,None
SHIP-100443,Business Unit B,CHRW,2025-07-09,2025-07-13,2025-07-12,None
SHIP-100444,Business Unit B,MAEU,2025-10-01,2025-10-03,2025-10-03,None
SHIP-100445,Business Unit B,EXPD,2025-03-03,2025-03-07,2025-03-07,None
SHIP-100446,Business Unit B,KNIN,2025-07-09,2025-07-12,2025-07-14,equipment failure
SHIP-100447,Business Unit B,MAEU,2025-07-17,2025-07-22,2025-07-24,traffic
SHIP-100448,Business Unit A,KNIN,2025-08-08,2025-08-11,2025-08-10,None
SHIP-100449,Business Unit B,CHRW,2025-03-05,2025-03-09,2025-03-09,None
SHIP-100450,Business Unit B,EXPD,2025-07-25,2025-07-30,2025-07-30,None
SHIP-100451,Business Unit A,MAEU,2025-11-09,2025-11-13,2025-11-13,None
SHIP-100452,Business Unit A,MAEU,2025-10-20,2025-10-24,2025-10-23,None
SHIP-100453,Business Unit B,JBHT,2025-11-28,2025-11-30,2025-11-30,None
SHIP-100454,Business Unit A,KNIN,2025-03-27,2025-03-29,2025-03-29,None
SHIP-100455,Business Unit A,JBHT,2025-01-25,2025-01-28,2025-01-27,None
SHIP-100456,Business Unit A,JBHT,2025-07-31,2025-08-03,2025-08-02,None
SHIP-100457,Business Unit B,MAEU,2025-07-05,2025-07-07,2025-07-06,None
SHIP-100458,Business Unit B,EXPD,2025-11-25,2025-11-28,2025-11-27,None
SHIP-100459,Business Unit B,KNIN,2025-06-06,2025-06-10,2025-06-09,None
SHIP-100460,Business Unit A,EXPD,2025-05-20,2025-05-24,2025-05-24,None
SHIP-100461,Business Unit A,JBHT,2025-03-31,2025-04-02,2025-04-02,None
SHIP-100462,Business Unit B,JBHT,2025-08-06,2025-08-08,2025-08-09,carrier delay
SHIP-100463,Business Unit B,CHRW,2025-01-11,2025-01-13,2025-01-12,None
SHIP-100464,Business Unit B,KNIN,2025-04-07,2025-04-12,2025-04-12,None
SHIP-100465,Business Unit B,MAEU,2025-02-06,2025-02-08,2025-02-08,None
SHIP-100466,Business Unit A,EXPD,2025-10-07,2025-10-09,2025-10-11,traffic
SHIP-100467,Business Unit B,KNIN,2025-06-03,2025-06-05,2025-06-04,None
SHIP-100468,Business Unit A,EXPD,2025-10-14,2025-10-18,2025-10-17,None
SHIP-100469,Business Unit A,JBHT,2025-03-24,2025-03-27,2025-03-26,None
SHIP-100470,Business Unit A,JBHT,2025-12-25,2025-12-30,2025-12-30,None
SHIP-100471,Business Unit A,JBHT,2025-02-19,2025-02-22,2025-02-21,None
SHIP-100472,Business Unit A,KNIN,2025-08-25,2025-08-28,2025-08-28,None
SHIP-100473,Business Unit A,MAEU,2025-12-17,2025-12-21,2025-12-21,None
SHIP-100474,Business Unit A,EXPD,2025-10-14,2025-10-18,2025-10-17,None
SHIP-100475,Business Unit A,EXPD,2025-07-23,2025-07-26,2025-07-26,None
SHIP-100476,Business Unit A,CHRW,2025-12-08,2025-12-11,2025-12-10,None
SHIP-100477,Business Unit B,EXPD,2025-11-05,2025-11-08,2025-11-07,None
SHIP-100478,Business Unit B,KNIN,2025-05-05,2025-05-09,2025-05-08,None
SHIP-100479,Business Unit A,KNIN,2025-08-30,2025-09-01,2025-08-31,None
SHIP-100480,Business Unit A,JBHT,2025-02-10,2025-02-14,2025-02-14,None
SHIP-100481,Business Unit B,MAEU,2025-05-25,2025-05-29,2025-05-28,None
SHIP-100482,Business Unit B,CHRW,2025-11-06,2025-11-10,2025-11-10,None
SHIP-100483,Business Unit B,KNIN,2025-10-08,2025-10-11,2025-10-10,None
SHIP-100484,Business Unit A,KNIN,2025-05-24,2025-05-28,2025-05-28,None
SHIP-100485,Business Unit B,MAEU,2025-06-18,2025-06-23,2025-06-22,None
SHIP-100486,Business Unit B,MAEU,2025-08-12,2025-08-17,2025-08-17,None
SHIP-100487,Business Unit A,JBHT,2025-07-20,2025-07-22,2025-07-22,None
SHIP-100488,Business Unit A,KNIN,2025-11-08,2025-11-11,2025-11-13,carrier delay
SHIP-100489,Business Unit A,KNIN,2025-03-01,2025-03-05,2025-03-04,None
SHIP-100490,Business Unit B,CHRW,2025-06-19,2025-06-23,2025-06-22,None
SHIP-100491,Business Unit B,MAEU,2025-09-04,2025-09-08,2025-09-08,None
SHIP-100492,Business Unit B,JBHT,2025-07-27,2025-07-30,2025-07-30,None
SHIP-100493,Business Unit B,MAEU,2025-04-13,2025-04-17,2025-04-17,None
SHIP-100494,Business Unit B,CHRW,2025-05-11,2025-05-14,2025-05-13,None
SHIP-100495,Business Unit A,KNIN,2025-11-18,2025-11-23,2025-11-23,None
SHIP-100496,Business Unit B,EXPD,2025-12-07,2025-12-12,2025-12-11,None
SHIP-100497,Business Unit B,EXPD,2025-08-28,2025-09-01,2025-09-01,None
SHIP-100498,Business Unit B,EXPD,2025-09-23,2025-09-25,2025-09-25,None
SHIP-100499,Business Unit A,KNIN,2025-09-06,2025-09-11,2025-09-11,None
SHIP-100500,Business Unit A,MAEU,2025-07-19,2025-07-24,2025-07-24,None
SHIP-100501,Business Unit B,KNIN,2025-06-03,2025-06-06,2025-06-06,None
SHIP-100502,Business Unit A,KNIN,2025-09-21,2025-09-25,2025-09-25,None
SHIP-100503,Business Unit A,MAEU,2025-11-08,2025-11-11,2025-11-10,None
SHIP-100504,Business Unit B,MAEU,2025-03-21,2025-03-26,2025-03-26,None
SHIP-100505,Business Unit A,EXPD,2025-07-05,2025-07-10,2025-07-10,None
SHIP-100506,Business Unit A,KNIN,2025-06-20,2025-06-24,2025-06-24,None
SHIP-100507,Business Unit A,EXPD,2025-04-27,2025-05-02,2025-05-01,None
SHIP-100508,Business Unit B,EXPD,2025-04-19,2025-04-24,2025-04-23,None
SHIP-100509,Business Unit A,JBHT,2025-08-14,2025-08-19,2025-08-18,None
SHIP-100510,Business Unit A,KNIN,2025-05-09,2025-05-11,2025-05-11,None
SHIP-100511,Business Unit B,EXPD,2025-02-23,2025-02-27,2025-02-26,None
SHIP-100512,Business Unit B,CHRW,2025-02-12,2025-02-15,2025-02-14,None
SHIP-100513,Business Unit A,KNIN,2025-08-16,2025-08-19,2025-08-18,None
SHIP-100514,Business Unit B,MAEU,2025-01-02,2025-01-05,2025-01-05,None
SHIP-100515,Business Unit A,CHRW,2025-05-20,2025-05-22,2025-05-22,None
SHIP-100516,Business Unit B,JBHT,2025-05-28,2025-06-02,2025-06-02,None
SHIP-100517,Business Unit B,MAEU,2025-12-15,2025-12-17,2025-12-17,None
SHIP-100518,Business Unit B,JBHT,2025-10-26,2025-10-28,2025-10-30,weather
SHIP-100519,Business Unit B,JBHT,2025-02-06,2025-02-09,2025-02-09,None
SHIP-100520,Business Unit B,KNIN,2025-03-03,2025-03-06,2025-03-05,None
SHIP-100521,Business Unit B,EXPD,2025-01-31,2025-02-05,2025-02-05,None
SHIP-100522,Business Unit B,EXPD,2025-12-06,2025-12-09,2025-12-08,None
SHIP-100523,Business Unit A,KNIN,2025-10-07,2025-10-09,2025-10-09,None
SHIP-100524,Business Unit A,MAEU,2025-09-26,2025-09-30,2025-09-30,None
SHIP-100525,Business Unit B,MAEU,2025-05-18,2025-05-23,2025-05-23,None
SHIP-100526,Business Unit A,EXPD,2025-06-21,2025-06-23,2025-06-23,None
SHIP-100527,Business Unit A,CHRW,2025-04-08,2025-04-11,2025-04-11,None
SHIP-100528,Business Unit B,CHRW,2025-02-10,2025-02-13,2025-02-13,None
SHIP-100529,Business Unit B,JBHT,2025-08-28,2025-09-02,2025-09-01,None
SHIP-100530,Business Unit A,KNIN,2025-01-25,2025-01-28,2025-01-28,None
SHIP-100531,Business Unit B,KNIN,2025-09-29,2025-10-01,2025-10-02,equipment failure
SHIP-100532,Business Unit A,JBHT,2025-06-13,2025-06-15,2025-06-14,None
SHIP-100533,Business Unit B,MAEU,2025-07-09,2025-07-13,2025-07-13,None
SHIP-100534,Business Unit B,KNIN,2025-06-10,2025-06-12,2025-06-11,None
SHIP-100535,Business Unit B,MAEU,2025-03-17,2025-03-21,2025-03-21,None
SHIP-100536,Business Unit A,EXPD,2025-11-12,2025-11-17,2025-11-17,None
SHIP-100537,Business Unit A,EXPD,2025-03-10,2025-03-14,2025-03-13,None
SHIP-100538,Business Unit A,CHRW,2025-07-23,2025-07-25,2025-07-25,None
SHIP-100539,Business Unit B,CHRW,2025-08-06,2025-08-08,2025-08-07,None
SHIP-100540,Business Unit B,KNIN,2025-11-08,2025-11-13,2025-11-16,late pick
SHIP-100541,Business Unit B,JBHT,2025-12-08,2025-12-12,2025-12-12,None
SHIP-100542,Business Unit B,JBHT,2025-11-06,2025-11-10,2025-11-10,None
SHIP-100543,Business Unit B,CHRW,2025-10-16,2025-10-20,2025-10-20,None
SHIP-100544,Business Unit A,EXPD,2025-02-28,2025-03-05,2025-03-05,None
SHIP-100545,Business Unit B,CHRW,2025-05-08,2025-05-13,2025-05-13,None
SHIP-100546,Business Unit B,KNIN,2025-10-24,2025-10-27,2025-10-28,traffic
SHIP-100547,Business Unit B,EXPD,2025-09-17,2025-09-22,2025-09-24,consignee reschedule
SHIP-100548,Business Unit A,EXPD,2025-07-18,2025-07-23,2025-07-23,None
SHIP-100549,Business Unit A,KNIN,2025-09-20,2025-09-23,2025-09-24,consignee reschedule
SHIP-100550,Business Unit B,KNIN,2025-05-20,2025-05-22,2025-05-22,None
SHIP-100551,Business Unit A,EXPD,2025-06-18,2025-06-22,2025-06-22,None
SHIP-100552,Business Unit A,MAEU,2025-11-07,2025-11-12,2025-11-11,None
SHIP-100553,Business Unit B,JBHT,2025-05-11,2025-05-14,2025-05-14,None
SHIP-100554,Business Unit A,JBHT,2025-03-23,2025-03-28,2025-03-27,None
SHIP-100555,Business Unit A,CHRW,2025-04-25,2025-04-29,2025-04-29,None
SHIP-100556,Business Unit A,JBHT,2025-05-01,2025-05-06,2025-05-06,None
SHIP-100557,Business Unit B,MAEU,2025-04-22,2025-04-26,2025-04-27,traffic
SHIP-100558,Business Unit A,JBHT,2025-11-26,2025-12-01,2025-11-30,None
SHIP-100559,Business Unit A,EXPD,2025-04-08,2025-04-12,2025-04-12,None
SHIP-100560,Business Unit A,EXPD,2025-07-28,2025-07-31,2025-07-31,None
SHIP-100561,Business Unit A,JBHT,2025-09-14,2025-09-19,2025-09-19,None
SHIP-100562,Business Unit A,EXPD,2025-05-15,2025-05-18,2025-05-18,None
SHIP-100563,Business Unit B,EXPD,2025-12-04,2025-12-08,2025-12-08,None
SHIP-100564,Business Unit A,EXPD,2025-08-13,2025-08-15,2025-08-18,late pick
SHIP-100565,Business Unit A,CHRW,2025-06-06,2025-06-09,2025-06-09,None
SHIP-100566,Business Unit B,JBHT,2025-08-08,2025-08-10,2025-08-11,equipment failure
SHIP-100567,Business Unit B,EXPD,2025-11-07,2025-11-09,2025-11-09,None
SHIP-100568,Business Unit B,MAEU,2025-05-16,2025-05-21,2025-05-21,None
SHIP-100569,Business Unit A,JBHT,2025-07-11,2025-07-16,2025-07-15,None
SHIP-100570,Business Unit A,EXPD,2025-05-09,2025-05-11,2025-05-11,None
SHIP-100571,Business Unit A,CHRW,2025-02-07,2025-02-11,2025-02-10,None
SHIP-100572,Business Unit A,MAEU,2025-06-25,2025-06-29,2025-06-28,None
SHIP-100573,Business Unit B,KNIN,2025-06-25,2025-06-28,2025-06-27,None
SHIP-100574,Business Unit A,CHRW,2025-12-26,2025-12-31,2025-12-30,None
SHIP-100575,Business Unit A,CHRW,2025-11-06,2025-11-11,2025-11-10,None
SHIP-100576,Business Unit A,JBHT,2025-05-08,2025-05-13,2025-05-13,None
SHIP-100577,Business Unit A,EXPD,2025-07-14,2025-07-17,2025-07-16,None
SHIP-100578,Business Unit B,MAEU,2025-09-29,2025-10-01,2025-10-01,None
SHIP-100579,Business Unit A,KNIN,2025-09-15,2025-09-18,2025-09-18,None
SHIP-100580,Business Unit A,MAEU,2025-11-23,2025-11-25,2025-11-25,None
SHIP-100581,Business Unit A,KNIN,2025-04-11,2025-04-14,2025-04-13,None
SHIP-100582,Business Unit B,JBHT,2025-04-04,2025-04-08,2025-04-08,None
SHIP-100583,Business Unit B,MAEU,2025-11-05,2025-11-09,2025-11-08,None
SHIP-100584,Business Unit A,JBHT,2025-03-21,2025-03-23,2025-03-23,None
SHIP-100585,Business Unit A,KNIN,2025-01-16,2025-01-18,2025-01-17,None
SHIP-100586,Business Unit B,MAEU,2025-11-08,2025-11-11,2025-11-12,late pick
SHIP-100587,Business Unit A,CHRW,2025-01-31,2025-02-04,2025-02-03,None
SHIP-100588,Business Unit B,JBHT,2025-05-05,2025-05-09,2025-05-09,None
SHIP-100589,Business Unit A,EXPD,2025-12-06,2025-12-08,2025-12-07,None
SHIP-100590,Business Unit A,EXPD,2025-11-11,2025-11-15,2025-11-14,None
SHIP-100591,Business Unit B,JBHT,2025-06-11,2025-06-15,2025-06-14,None
SHIP-100592,Business Unit A,KNIN,2025-07-21,2025-07-23,2025-07-22,None
SHIP-100593,Business Unit B,MAEU,2025-08-18,2025-08-21,2025-08-24,carrier delay
SHIP-100594,Business Unit B,KNIN,2025-02-05,2025-02-09,2025-02-08,None
SHIP-100595,Business Unit B,MAEU,2025-03-11,2025-03-13,2025-03-12,None
SHIP-100596,Business Unit B,CHRW,2025-08-15,2025-08-20,2025-08-19,None
SHIP-100597,Business Unit A,CHRW,2025-09-29,2025-10-02,2025-10-03,carrier delay
SHIP-100598,Business Unit A,KNIN,2025-01-12,2025-01-16,2025-01-15,None
SHIP-100599,Business Unit B,JBHT,2025-07-28,2025-07-30,2025-07-30,None
SHIP-100600,Business Unit A,CHRW,2025-10-16,2025-10-20,2025-10-22,weather
SHIP-100601,Business Unit A,EXPD,2025-07-08,2025-07-12,2025-07-15,equipment failure
SHIP-100602,Business Unit A,KNIN,2025-01-15,2025-01-20,2025-01-20,None
SHIP-100603,Business Unit B,JBHT,2025-05-23,2025-05-25,2025-05-25,None
SHIP-100604,Business Unit A,JBHT,2025-06-23,2025-06-25,2025-06-24,None
SHIP-100605,Business Unit B,CHRW,2025-05-07,2025-05-10,2025-05-11,weather
SHIP-100606,Business Unit A,EXPD,2025-06-01,2025-06-06,2025-06-08,traffic
SHIP-100607,Business Unit B,JBHT,2025-06-04,2025-06-08,2025-06-11,traffic
SHIP-100608,Business Unit A,CHRW,2025-11-07,2025-11-12,2025-11-12,None
SHIP-100609,Business Unit A,KNIN,2025-06-12,2025-06-14,2025-06-14,None
SHIP-100610,Business Unit A,EXPD,2025-10-01,2025-10-03,2025-10-05,consignee reschedule
SHIP-100611,Business Unit A,KNIN,2025-02-02,2025-02-06,2025-02-07,carrier delay
SHIP-100612,Business Unit A,CHRW,2025-09-11,2025-09-15,2025-09-16,equipment failure
SHIP-100613,Business Unit A,EXPD,2025-11-07,2025-11-11,2025-11-11,None
SHIP-100614,Business Unit A,EXPD,2025-01-20,2025-01-25,2025-01-25,None
SHIP-100615,Business Unit B,CHRW,2025-03-07,2025-03-10,2025-03-10,None
SHIP-100616,Business Unit B,CHRW,2025-04-14,2025-04-18,2025-04-17,None
SHIP-100617,Business Unit A,MAEU,2025-12-01,2025-12-05,2025-12-05,None
SHIP-100618,Business Unit B,JBHT,2025-02-13,2025-02-16,2025-02-19,consignee reschedule
SHIP-100619,Business Unit B,KNIN,2025-06-23,2025-06-26,2025-06-26,None
SHIP-100620,Business Unit A,MAEU,2025-02-20,2025-02-22,2025-02-22,None
SHIP-100621,Business Unit B,MAEU,2025-08-18,2025-08-22,2025-08-22,None
SHIP-100622,Business Unit B,EXPD,2025-03-03,2025-03-07,2025-03-06,None
SHIP-100623,Business Unit B,KNIN,2025-07-22,2025-07-25,2025-07-24,None
SHIP-100624,Business Unit A,EXPD,2025-11-04,2025-11-09,2025-11-09,None
SHIP-100625,Business Unit B,JBHT,2025-09-22,2025-09-24,2025-09-23,None
SHIP-100626,Business Unit A,JBHT,2025-01-11,2025-01-13,2025-01-16,traffic
SHIP-100627,Business Unit A,EXPD,2025-02-17,2025-02-22,2025-02-21,None
SHIP-100628,Business Unit B,EXPD,2025-07-31,2025-08-05,2025-08-04,None
SHIP-100629,Business Unit B,MAEU,2025-02-04,2025-02-07,2025-02-06,None
SHIP-100630,Business Unit B,JBHT,2025-08-25,2025-08-27,2025-08-27,None
SHIP-100631,Business Unit B,MAEU,2025-08-08,2025-08-11,2025-08-10,None
SHIP-100632,Business Unit A,KNIN,2025-07-28,2025-08-01,2025-08-01,None
SHIP-100633,Business Unit B,EXPD,2025-10-30,2025-11-01,2025-10-31,None
SHIP-100634,Business Unit A,MAEU,2025-06-29,2025-07-02,2025-07-02,None
SHIP-100635,Business Unit B,CHRW,2025-04-27,2025-05-02,2025-05-01,None
SHIP-100636,Business Unit A,CHRW,2025-06-13,2025-06-18,2025-06-18,None
SHIP-100637,Business Unit B,KNIN,2025-04-08,2025-04-10,2025-04-13,late pick
SHIP-100638,Business Unit B,CHRW,2025-12-11,2025-12-13,2025-12-12,None
SHIP-100639,Business Unit B,MAEU,2025-12-24,2025-12-27,2025-12-28,weather
SHIP-100640,Business Unit A,KNIN,2025-08-10,2025-08-12,2025-08-12,None
SHIP-100641,Business Unit A,CHRW,2025-12-20,2025-12-24,2025-12-24,None
SHIP-100642,Business Unit B,CHRW,2025-12-23,2025-12-25,2025-12-25,None
SHIP-100643,Business Unit A,CHRW,2025-03-09,2025-03-14,2025-03-13,None
SHIP-100644,Business Unit B,JBHT,2025-05-09,2025-05-12,2025-05-12,None
SHIP-100645,Business Unit A,EXPD,2025-04-16,2025-04-18,2025-04-17,None
SHIP-100646,Business Unit A,KNIN,2025-10-14,2025-10-16,2025-10-15,None
SHIP-100647,Business Unit A,JBHT,2025-02-07,2025-02-12,2025-02-12,None
SHIP-100648,Business Unit B,CHRW,2025-05-12,2025-05-16,2025-05-16,None
SHIP-100649,Business Unit B,MAEU,2025-03-11,2025-03-14,2025-03-14,None
SHIP-100650,Business Unit A,EXPD,2025-12-18,2025-12-23,2025-12-22,None
SHIP-100651,Business Unit A,EXPD,2025-03-27,2025-03-29,2025-03-31,equipment failure
SHIP-100652,Business Unit A,JBHT,2025-11-27,2025-12-01,2025-12-01,None
SHIP-100653,Business Unit A,KNIN,2025-03-13,2025-03-17,2025-03-20,consignee reschedule
SHIP-100654,Business Unit A,EXPD,2025-03-21,2025-03-23,2025-03-23,None
SHIP-100655,Business Unit B,KNIN,2025-02-14,2025-02-18,2025-02-21,consignee reschedule
SHIP-100656,Business Unit B,KNIN,2025-08-09,2025-08-11,2025-08-10,None
SHIP-100657,Business Unit A,JBHT,2025-10-17,2025-10-22,2025-10-21,None
SHIP-100658,Business Unit B,JBHT,2025-10-12,2025-10-16,2025-10-15,None
SHIP-100659,Business Unit A,CHRW,2025-12-22,2025-12-26,2025-12-25,None
SHIP-100660,Business Unit B,MAEU,2025-10-14,2025-10-17,2025-10-17,None
SHIP-100661,Business Unit A,KNIN,2025-09-26,2025-09-30,2025-09-30,None
SHIP-100662,Business Unit A,KNIN,2025-01-25,2025-01-27,2025-01-26,None
SHIP-100663,Business Unit B,MAEU,2025-03-23,2025-03-26,2025-03-26,None
SHIP-100664,Business Unit A,MAEU,2025-02-10,2025-02-13,2025-02-13,None
SHIP-100665,Business Unit B,MAEU,2025-07-05,2025-07-08,2025-07-08,None
SHIP-100666,Business Unit B,KNIN,2025-11-20,2025-11-22,2025-11-21,None
SHIP-100667,Business Unit A,CHRW,2025-12-26,2025-12-31,2026-01-03,carrier delay
SHIP-100668,Business Unit A,EXPD,2025-07-11,2025-07-15,2025-07-15,None
SHIP-100669,Business Unit A,JBHT,2025-01-07,2025-01-09,2025-01-08,None
SHIP-100670,Business Unit B,CHRW,2025-04-17,2025-04-20,2025-04-19,None
SHIP-100671,Business Unit B,JBHT,2025-04-01,2025-04-05,2025-04-04,None
SHIP-100672,Business Unit A,EXPD,2025-04-22,2025-04-25,2025-04-24,None
SHIP-100673,Business Unit B,KNIN,2025-01-19,2025-01-22,2025-01-22,None
SHIP-100674,Business Unit B,KNIN,2025-04-22,2025-04-25,2025-04-28,late pick
SHIP-100675,Business Unit B,CHRW,2025-08-25,2025-08-27,2025-08-27,None
SHIP-100676,Business Unit B,EXPD,2025-04-09,2025-04-14,2025-04-13,None
SHIP-100677,Business Unit A,CHRW,2025-05-26,2025-05-30,2025-05-29,None
SHIP-100678,Business Unit B,JBHT,2025-05-14,2025-05-19,2025-05-18,None
SHIP-100679,Business Unit B,CHRW,2025-01-29,2025-01-31,2025-01-31,None
SHIP-100680,Business Unit A,EXPD,2025-06-23,2025-06-25,2025-06-25,None
SHIP-100681,Business Unit A,KNIN,2025-12-23,2025-12-28,2025-12-27,None
SHIP-100682,Business Unit A,JBHT,2025-07-05,2025-07-10,2025-07-10,None
SHIP-100683,Business Unit B,MAEU,2025-01-21,2025-01-24,2025-01-23,None
SHIP-100684,Business Unit B,MAEU,2025-12-27,2026-01-01,2025-12-31,None
SHIP-100685,Business Unit B,KNIN,2025-02-22,2025-02-26,2025-02-26,None
SHIP-100686,Business Unit A,CHRW,2025-02-09,2025-02-13,2025-02-13,None
SHIP-100687,Business Unit B,MAEU,2025-08-16,2025-08-21,2025-08-23,weather
SHIP-100688,Business Unit B,JBHT,2025-09-20,2025-09-25,2025-09-24,None
SHIP-100689,Business Unit A,MAEU,2025-01-26,2025-01-29,2025-01-28,None
SHIP-100690,Business Unit B,KNIN,2025-06-06,2025-06-11,2025-06-11,None
SHIP-100691,Business Unit A,MAEU,2025-11-21,2025-11-24,2025-11-24,None
SHIP-100692,Business Unit A,MAEU,2025-02-06,2025-02-10,2025-02-10,None
SHIP-100693,Business Unit A,KNIN,2025-12-13,2025-12-16,2025-12-15,None
SHIP-100694,Business Unit A,KNIN,2025-11-16,2025-11-19,2025-11-19,None
SHIP-100695,Business Unit A,EXPD,2025-05-17,2025-05-20,2025-05-20,None
SHIP-100696,Business Unit B,EXPD,2025-02-16,2025-02-20,2025-02-23,consignee reschedule
SHIP-100697,Business Unit A,KNIN,2025-08-18,2025-08-23,2025-08-23,None
SHIP-100698,Business Unit B,EXPD,2025-08-31,2025-09-02,2025-09-02,None
SHIP-100699,Business Unit B,KNIN,2025-12-17,2025-12-20,2025-12-19,None
SHIP-100700,Business Unit B,EXPD,2025-10-25,2025-10-29,2025-10-29,None
SHIP-100701,Business Unit B,JBHT,2025-11-21,2025-11-23,2025-11-23,None
SHIP-100702,Business Unit B,EXPD,2025-01-01,2025-01-06,2025-01-05,None
SHIP-100703,Business Unit A,JBHT,2025-02-05,2025-02-07,2025-02-07,None
SHIP-100704,Business Unit B,CHRW,2025-02-24,2025-02-27,2025-02-26,None
SHIP-100705,Business Unit B,EXPD,2025-05-03,2025-05-08,2025-05-07,None
SHIP-100706,Business Unit A,MAEU,2025-05-17,2025-05-20,2025-05-19,None
SHIP-100707,Business Unit A,KNIN,2025-11-25,2025-11-29,2025-11-28,None
SHIP-100708,Business Unit B,JBHT,2025-08-21,2025-08-23,2025-08-23,None
SHIP-100709,Business Unit B,JBHT,2025-12-10,2025-12-15,2025-12-14,None
SHIP-100710,Business Unit B,CHRW,2025-11-28,2025-12-02,2025-12-01,None
SHIP-100711,Business Unit A,KNIN,2025-03-15,2025-03-19,2025-03-18,None
SHIP-100712,Business Unit A,MAEU,2025-07-06,2025-07-11,2025-07-11,None
SHIP-100713,Business Unit A,MAEU,2025-10-09,2025-10-11,2025-10-10,None
SHIP-100714,Business Unit A,CHRW,2025-10-08,2025-10-10,2025-10-09,None
SHIP-100715,Business Unit A,EXPD,2025-02-09,2025-02-14,2025-02-13,None
SHIP-100716,Business Unit A,CHRW,2025-04-23,2025-04-26,2025-04-26,None
SHIP-100717,Business Unit B,JBHT,2025-08-11,2025-08-15,2025-08-14,None
SHIP-100718,Business Unit B,KNIN,2025-06-30,2025-07-05,2025-07-05,None
SHIP-100719,Business Unit A,MAEU,2025-04-06,2025-04-10,2025-04-10,None
SHIP-100720,Business Unit A,EXPD,2025-10-24,2025-10-27,2025-10-26,None
SHIP-100721,Business Unit B,EXPD,2025-04-01,2025-04-03,2025-04-03,None
SHIP-100722,Business Unit B,KNIN,2025-08-26,2025-08-28,2025-08-27,None
SHIP-100723,Business Unit B,MAEU,2025-03-04,2025-03-09,2025-03-12,consignee reschedule
SHIP-100724,Business Unit A,EXPD,2025-12-16,2025-12-20,2025-12-20,None
SHIP-100725,Business Unit A,MAEU,2025-03-25,2025-03-30,2025-03-30,None
SHIP-100726,Business Unit B,EXPD,2025-03-27,2025-03-29,2025-03-28,None
SHIP-100727,Business Unit B,CHRW,2025-05-16,2025-05-19,2025-05-18,None
SHIP-100728,Business Unit A,MAEU,2025-05-17,2025-05-20,2025-05-20,None
SHIP-100729,Business Unit A,KNIN,2025-08-18,2025-08-23,2025-08-23,None
SHIP-100730,Business Unit B,JBHT,2025-06-18,2025-06-22,2025-06-21,None
SHIP-100731,Business Unit B,KNIN,2025-11-21,2025-11-25,2025-11-24,None
SHIP-100732,Business Unit A,KNIN,2025-02-04,2025-02-07,2025-02-06,None
SHIP-100733,Business Unit A,JBHT,2025-06-04,2025-06-07,2025-06-06,None
SHIP-100734,Business Unit B,KNIN,2025-01-07,2025-01-11,2025-01-11,None
SHIP-100735,Business Unit B,EXPD,2025-12-04,2025-12-08,2025-12-08,None
SHIP-100736,Business Unit B,JBHT,2025-04-30,2025-05-05,2025-05-05,None
SHIP-100737,Business Unit A,EXPD,2025-04-21,2025-04-24,2025-04-23,None
SHIP-100738,Business Unit B,CHRW,2025-04-10,2025-04-15,2025-04-18,weather
SHIP-100739,Business Unit B,EXPD,2025-12-27,2025-12-31,2025-12-31,None
SHIP-100740,Business Unit B,MAEU,2025-06-22,2025-06-26,2025-06-26,None
SHIP-100741,Business Unit A,JBHT,2025-06-16,2025-06-20,2025-06-19,None
SHIP-100742,Business Unit A,CHRW,2025-05-06,2025-05-08,2025-05-07,None
SHIP-100743,Business Unit A,JBHT,2025-03-06,2025-03-11,2025-03-10,None
SHIP-100744,Business Unit B,MAEU,2025-02-02,2025-02-06,2025-02-05,None
SHIP-100745,Business Unit A,MAEU,2025-01-30,2025-02-02,2025-02-01,None
SHIP-100746,Business Unit B,EXPD,2025-10-06,2025-10-11,2025-10-10,None
SHIP-100747,Business Unit A,KNIN,2025-07-03,2025-07-07,2025-07-07,None
SHIP-100748,Business Unit B,CHRW,2025-09-01,2025-09-04,2025-09-04,None
SHIP-100749,Business Unit A,KNIN,2025-03-30,2025-04-03,2025-04-03,None
SHIP-100750,Business Unit A,CHRW,2025-08-22,2025-08-26,2025-08-26,None
SHIP-100751,Business Unit B,EXPD,2025-05-09,2025-05-11,2025-05-11,None
SHIP-100752,Business Unit A,CHRW,2025-04-22,2025-04-24,2025-04-24,None
SHIP-100753,Business Unit B,KNIN,2025-10-19,2025-10-24,2025-10-23,None
SHIP-100754,Business Unit B,JBHT,2025-04-18,2025-04-22,2025-04-22,None
SHIP-100755,Business Unit A,KNIN,2025-02-07,2025-02-09,2025-02-09,None
SHIP-100756,Business Unit A,MAEU,2025-12-15,2025-12-18,2025-12-17,None
SHIP-100757,Business Unit A,KNIN,2025-01-30,2025-02-03,2025-02-03,None
SHIP-100758,Business Unit A,KNIN,2025-09-02,2025-09-04,2025-09-04,None
SHIP-100759,Business Unit A,EXPD,2025-11-13,2025-11-17,2025-11-16,None
SHIP-100760,Business Unit A,MAEU,2025-04-10,2025-04-15,2025-04-14,None
SHIP-100761,Business Unit B,MAEU,2025-06-07,2025-06-12,2025-06-12,None
SHIP-100762,Business Unit B,MAEU,2025-05-04,2025-05-09,2025-05-08,None
SHIP-100763,Business Unit B,JBHT,2025-12-05,2025-12-07,2025-12-07,None
SHIP-100764,Business Unit B,JBHT,2025-11-09,2025-11-12,2025-11-14,late pick
SHIP-100765,Business Unit A,EXPD,2025-05-03,2025-05-06,2025-05-06,None
SHIP-100766,Business Unit A,EXPD,2025-05-24,2025-05-27,2025-05-26,None
SHIP-100767,Business Unit A,CHRW,2025-03-06,2025-03-11,2025-03-12,weather
SHIP-100768,Business Unit B,EXPD,2025-03-16,2025-03-18,2025-03-18,None
SHIP-100769,Business Unit A,EXPD,2025-04-19,2025-04-23,2025-04-23,None
SHIP-100770,Business Unit A,JBHT,2025-07-17,2025-07-22,2025-07-21,None
SHIP-100771,Business Unit B,KNIN,2025-06-11,2025-06-16,2025-06-16,None
SHIP-100772,Business Unit A,KNIN,2025-01-26,2025-01-29,2025-01-28,None
SHIP-100773,Business Unit B,KNIN,2025-04-06,2025-04-08,2025-04-07,None
SHIP-100774,Business Unit A,KNIN,2025-04-27,2025-05-01,2025-04-30,None
SHIP-100775,Business Unit A,JBHT,2025-08-02,2025-08-04,2025-08-03,None
SHIP-100776,Business Unit A,MAEU,2025-01-21,2025-01-23,2025-01-22,None
SHIP-100777,Business Unit A,JBHT,2025-01-24,2025-01-28,2025-01-27,None
SHIP-100778,Business Unit A,JBHT,2025-04-03,2025-04-07,2025-04-06,None
SHIP-100779,Business Unit A,CHRW,2025-07-19,2025-07-21,2025-07-20,None
SHIP-100780,Business Unit B,EXPD,2025-01-02,2025-01-05,2025-01-04,None
SHIP-100781,Business Unit A,EXPD,2025-12-13,2025-12-17,2025-12-20,late pick
SHIP-100782,Business Unit A,JBHT,2025-11-22,2025-11-24,2025-11-23,None
SHIP-100783,Business Unit B,KNIN,2025-01-10,2025-01-14,2025-01-13,None
SHIP-100784,Business Unit A,MAEU,2025-10-19,2025-10-22,2025-10-22,None
SHIP-100785,Business Unit B,CHRW,2025-06-02,2025-06-04,2025-06-03,None
SHIP-100786,Business Unit B,EXPD,2025-10-18,2025-10-23,2025-10-22,None
SHIP-100787,Business Unit A,JBHT,2025-03-06,2025-03-08,2025-03-07,None
SHIP-100788,Business Unit B,KNIN,2025-07-14,2025-07-19,2025-07-19,None
SHIP-100789,Business Unit B,KNIN,2025-06-18,2025-06-23,2025-06-22,None
SHIP-100790,Business Unit A,JBHT,2025-10-24,2025-10-29,2025-11-01,weather
SHIP-100791,Business Unit A,EXPD,2025-08-17,2025-08-19,2025-08-21,late pick
SHIP-100792,Business Unit B,MAEU,2025-06-12,2025-06-17,2025-06-20,consignee reschedule
SHIP-100793,Business Unit B,KNIN,2025-08-10,2025-08-15,2025-08-14,None
SHIP-100794,Business Unit B,EXPD,2025-01-12,2025-01-16,2025-01-16,None
SHIP-100795,Business Unit B,KNIN,2025-07-31,2025-08-04,2025-08-04,None
SHIP-100796,Business Unit B,JBHT,2025-12-09,2025-12-14,2025-12-13,None
SHIP-100797,Business Unit B,JBHT,2025-01-10,2025-01-14,2025-01-14,None
SHIP-100798,Business Unit A,KNIN,2025-11-23,2025-11-27,2025-11-30,weather
SHIP-100799,Business Unit B,KNIN,2025-09-04,2025-09-07,2025-09-07,None
SHIP-100800,Business Unit A,CHRW,2025-07-19,2025-07-22,2025-07-22,None
SHIP-100801,Business Unit A,MAEU,2025-11-18,2025-11-22,2025-11-21,None
SHIP-100802,Business Unit A,CHRW,2025-10-28,2025-11-02,2025-11-05,late pick
SHIP-100803,Business Unit A,EXPD,2025-06-19,2025-06-23,2025-06-23,None
SHIP-100804,Business Unit A,KNIN,2025-11-01,2025-11-05,2025-11-04,None
SHIP-100805,Business Unit A,EXPD,2025-02-16,2025-02-21,2025-02-20,None
SHIP-100806,Business Unit B,EXPD,2025-04-06,2025-04-08,2025-04-08,None
SHIP-100807,Business Unit A,KNIN,2025-07-20,2025-07-23,2025-07-22,None
SHIP-100808,Business Unit A,JBHT,2025-05-24,2025-05-27,2025-05-27,None
SHIP-100809,Business Unit B,KNIN,2025-09-18,2025-09-22,2025-09-21,None
SHIP-100810,Business Unit A,MAEU,2025-12-30,2026-01-03,2026-01-03,None
SHIP-100811,Business Unit B,MAEU,2025-04-27,2025-04-30,2025-04-30,None
SHIP-100812,Business Unit A,EXPD,2025-07-04,2025-07-06,2025-07-05,None
SHIP-100813,Business Unit A,JBHT,2025-04-02,2025-04-05,2025-04-04,None
SHIP-100814,Business Unit A,MAEU,2025-02-25,2025-03-02,2025-03-01,None
SHIP-100815,Business Unit A,KNIN,2025-05-29,2025-06-01,2025-06-01,None
SHIP-100816,Business Unit B,JBHT,2025-05-22,2025-05-27,2025-05-27,None
SHIP-100817,Business Unit B,KNIN,2025-11-08,2025-11-10,2025-11-09,None
SHIP-100818,Business Unit A,KNIN,2025-01-16,2025-01-20,2025-01-20,None
SHIP-100819,Business Unit A,KNIN,2025-01-03,2025-01-05,2025-01-04,None
SHIP-100820,Business Unit A,KNIN,2025-09-11,2025-09-15,2025-09-16,late pick
SHIP-100821,Business Unit A,MAEU,2025-06-23,2025-06-28,2025-06-27,None
SHIP-100822,Business Unit A,KNIN,2025-02-13,2025-02-15,2025-02-14,None
SHIP-100823,Business Unit A,KNIN,2025-05-10,2025-05-14,2025-05-13,None
SHIP-100824,Business Unit A,EXPD,2025-04-04,2025-04-09,2025-04-09,None
SHIP-100825,Business Unit B,EXPD,2025-06-09,2025-06-12,2025-06-11,None
SHIP-100826,Business Unit B,EXPD,2025-12-29,2025-12-31,2025-12-31,None
SHIP-100827,Business Unit A,CHRW,2025-11-16,2025-11-18,2025-11-18,None
SHIP-100828,Business Unit B,MAEU,2025-02-24,2025-02-28,2025-02-28,None
SHIP-100829,Business Unit A,CHRW,2025-10-15,2025-10-17,2025-10-17,None
SHIP-100830,Business Unit B,MAEU,2025-11-13,2025-11-18,2025-11-18,None
SHIP-100831,Business Unit A,MAEU,2025-04-08,2025-04-12,2025-04-12,None
SHIP-100832,Business Unit B,EXPD,2025-10-16,2025-10-19,2025-10-18,None
SHIP-100833,Business Unit B,JBHT,2025-02-11,2025-02-14,2025-02-15,late pick
SHIP-100834,Business Unit B,KNIN,2025-04-01,2025-04-04,2025-04-03,None
SHIP-100835,Business Unit B,CHRW,2025-12-27,2025-12-31,2025-12-31,None
SHIP-100836,Business Unit B,MAEU,2025-06-29,2025-07-01,2025-06-30,None
SHIP-100837,Business Unit A,JBHT,2025-11-26,2025-12-01,2025-12-01,None
SHIP-100838,Business Unit B,CHRW,2025-10-13,2025-10-18,2025-10-20,carrier delay
SHIP-100839,Business Unit A,MAEU,2025-06-23,2025-06-26,2025-06-27,late pick
SHIP-100840,Business Unit A,CHRW,2025-06-27,2025-06-29,2025-06-28,None
SHIP-100841,Business Unit A,KNIN,2025-06-26,2025-06-29,2025-06-29,None
SHIP-100842,Business Unit A,KNIN,2025-06-17,2025-06-20,2025-06-20,None
SHIP-100843,Business Unit A,JBHT,2025-03-14,2025-03-16,2025-03-16,None
SHIP-100844,Business Unit B,EXPD,2025-05-15,2025-05-18,2025-05-19,carrier delay
SHIP-100845,Business Unit B,JBHT,2025-07-01,2025-07-06,2025-07-06,None
SHIP-100846,Business Unit B,CHRW,2025-05-05,2025-05-09,2025-05-08,None
SHIP-100847,Business Unit B,JBHT,2025-12-18,2025-12-23,2025-12-23,None
SHIP-100848,Business Unit A,MAEU,2025-11-20,2025-11-23,2025-11-24,traffic
SHIP-100849,Business Unit B,KNIN,2025-09-22,2025-09-26,2025-09-25,None
SHIP-100850,Business Unit B,EXPD,2025-07-24,2025-07-28,2025-07-29,equipment failure
SHIP-100851,Business Unit A,CHRW,2025-01-23,2025-01-26,2025-01-26,None
SHIP-100852,Business Unit A,KNIN,2025-06-06,2025-06-10,2025-06-11,equipment failure
SHIP-100853,Business Unit A,JBHT,2025-01-16,2025-01-20,2025-01-19,None
SHIP-100854,Business Unit A,CHRW,2025-02-06,2025-02-09,2025-02-08,None
SHIP-100855,Business Unit B,CHRW,2025-07-08,2025-07-13,2025-07-12,None
SHIP-100856,Business Unit A,KNIN,2025-10-06,2025-10-10,2025-10-09,None
SHIP-100857,Business Unit B,KNIN,2025-05-29,2025-06-03,2025-06-02,None
SHIP-100858,Business Unit A,KNIN,2025-10-26,2025-10-30,2025-10-30,None
SHIP-100859,Business Unit A,EXPD,2025-01-05,2025-01-08,2025-01-08,None
SHIP-100860,Business Unit A,JBHT,2025-06-25,2025-06-28,2025-06-28,None
SHIP-100861,Business Unit A,KNIN,2025-08-08,2025-08-10,2025-08-12,consignee reschedule
SHIP-100862,Business Unit B,EXPD,2025-02-06,2025-02-10,2025-02-09,None
SHIP-100863,Business Unit A,CHRW,2025-05-15,2025-05-17,2025-05-16,None
SHIP-100864,Business Unit B,JBHT,2025-03-13,2025-03-15,2025-03-14,None
SHIP-100865,Business Unit B,KNIN,2025-09-30,2025-10-04,2025-10-05,consignee reschedule
SHIP-100866,Business Unit A,JBHT,2025-05-11,2025-05-14,2025-05-13,None
SHIP-100867,Business Unit B,MAEU,2025-08-21,2025-08-24,2025-08-26,equipment failure
SHIP-100868,Business Unit A,JBHT,2026-01-01,2026-01-03,2026-01-02,None
SHIP-100869,Business Unit B,MAEU,2025-09-01,2025-09-04,2025-09-04,None
SHIP-100870,Business Unit B,KNIN,2025-07-27,2025-07-31,2025-07-31,None
SHIP-100871,Business Unit A,EXPD,2025-11-17,2025-11-20,2025-11-19,None
SHIP-100872,Business Unit B,CHRW,2025-11-18,2025-11-23,2025-11-22,None
SHIP-100873,Business Unit B,KNIN,2025-12-28,2026-01-02,2026-01-02,None
SHIP-100874,Business Unit B,EXPD,2025-08-26,2025-08-30,2025-08-29,None
SHIP-100875,Business Unit B,EXPD,2025-02-20,2025-02-25,2025-02-24,None
SHIP-100876,Business Unit B,MAEU,2025-04-02,2025-04-05,2025-04-04,None
SHIP-100877,Business Unit B,MAEU,2025-05-05,2025-05-09,2025-05-09,None
SHIP-100878,Business Unit B,EXPD,2025-05-10,2025-05-12,2025-05-12,None
SHIP-100879,Business Unit B,EXPD,2025-10-04,2025-10-07,2025-10-07,None
SHIP-100880,Business Unit A,JBHT,2025-11-30,2025-12-04,2025-12-06,late pick
SHIP-100881,Business Unit A,CHRW,2025-10-25,2025-10-30,2025-10-30,None
SHIP-100882,Business Unit B,MAEU,2025-07-25,2025-07-28,2025-07-27,None
SHIP-100883,Business Unit B,MAEU,2025-11-16,2025-11-19,2025-11-18,None
SHIP-100884,Business Unit B,JBHT,2025-09-15,2025-09-18,2025-09-19,carrier delay
SHIP-100885,Business Unit A,JBHT,2025-05-27,2025-05-30,2025-05-29,None
SHIP-100886,Business Unit A,JBHT,2025-02-22,2025-02-25,2025-02-27,weather
SHIP-100887,Business Unit A,MAEU,2025-09-05,2025-09-09,2025-09-09,None
SHIP-100888,Business Unit A,JBHT,2025-12-21,2025-12-26,2025-12-25,None
SHIP-100889,Business Unit A,MAEU,2025-01-21,2025-01-24,2025-01-24,None
SHIP-100890,Business Unit B,MAEU,2025-11-06,2025-11-10,2025-11-10,None
SHIP-100891,Business Unit B,JBHT,2025-09-24,2025-09-28,2025-09-27,None
SHIP-100892,Business Unit B,JBHT,2025-04-05,2025-04-07,2025-04-07,None
SHIP-100893,Business Unit A,MAEU,2025-03-19,2025-03-22,2025-03-22,None
SHIP-100894,Business Unit A,MAEU,2025-07-09,2025-07-12,2025-07-12,None
SHIP-100895,Business Unit A,MAEU,2025-09-07,2025-09-12,2025-09-11,None
SHIP-100896,Business Unit A,EXPD,2025-10-16,2025-10-18,2025-10-21,traffic
SHIP-100897,Business Unit B,EXPD,2025-07-16,2025-07-18,2025-07-21,equipment failure
SHIP-100898,Business Unit A,KNIN,2025-07-18,2025-07-23,2025-07-22,None
SHIP-100899,Business Unit A,JBHT,2025-08-29,2025-09-02,2025-09-01,None
SHIP-100900,Business Unit B,EXPD,2025-10-02,2025-10-06,2025-10-06,None
SHIP-100901,Business Unit A,KNIN,2025-03-02,2025-03-07,2025-03-07,None
SHIP-100902,Business Unit A,EXPD,2025-03-05,2025-03-09,2025-03-08,None
SHIP-100903,Business Unit A,CHRW,2025-01-20,2025-01-24,2025-01-24,None
SHIP-100904,Business Unit B,KNIN,2025-12-31,2026-01-05,2026-01-05,None
SHIP-100905,Business Unit A,CHRW,2025-04-01,2025-04-04,2025-04-04,None
SHIP-100906,Business Unit A,CHRW,2025-06-01,2025-06-05,2025-06-04,None
SHIP-100907,Business Unit A,EXPD,2025-03-18,2025-03-22,2025-03-21,None
SHIP-100908,Business Unit B,CHRW,2025-08-29,2025-09-03,2025-09-03,None
SHIP-100909,Business Unit B,JBHT,2025-12-01,2025-12-05,2025-12-05,None
SHIP-100910,Business Unit B,JBHT,2025-09-07,2025-09-10,2025-09-09,None
SHIP-100911,Business Unit B,KNIN,2025-07-15,2025-07-20,2025-07-20,None
SHIP-100912,Business Unit A,JBHT,2025-12-04,2025-12-09,2025-12-09,None
SHIP-100913,Business Unit B,MAEU,2025-04-06,2025-04-10,2025-04-09,None
SHIP-100914,Business Unit B,MAEU,2025-03-19,2025-03-23,2025-03-23,None
SHIP-100915,Business Unit A,CHRW,2025-08-19,2025-08-22,2025-08-22,None
SHIP-100916,Business Unit A,JBHT,2025-04-30,2025-05-03,2025-05-05,late pick
SHIP-100917,Business Unit B,KNIN,2025-01-30,2025-02-01,2025-01-31,None
SHIP-100918,Business Unit B,CHRW,2025-11-11,2025-11-14,2025-11-14,None
SHIP-100919,Business Unit B,JBHT,2025-02-24,2025-02-28,2025-02-28,None
SHIP-100920,Business Unit A,MAEU,2025-08-31,2025-09-05,2025-09-04,None
SHIP-100921,Business Unit A,CHRW,2025-12-29,2025-12-31,2025-12-31,None
SHIP-100922,Business Unit B,KNIN,2025-02-02,2025-02-06,2025-02-07,weather
SHIP-100923,Business Unit A,JBHT,2025-12-16,2025-12-18,2025-12-17,None
SHIP-100924,Business Unit A,CHRW,2025-02-18,2025-02-20,2025-02-19,None
SHIP-100925,Business Unit A,CHRW,2025-01-06,2025-01-08,2025-01-09,traffic
SHIP-100926,Business Unit A,MAEU,2025-10-14,2025-10-19,2025-10-19,None
SHIP-100927,Business Unit B,JBHT,2025-12-08,2025-12-10,2025-12-10,None
SHIP-100928,Business Unit A,KNIN,2025-04-29,2025-05-02,2025-05-04,equipment failure
SHIP-100929,Business Unit B,JBHT,2025-01-07,2025-01-11,2025-01-11,None
SHIP-100930,Business Unit A,MAEU,2025-03-14,2025-03-17,2025-03-20,consignee reschedule
SHIP-100931,Business Unit B,EXPD,2025-02-25,2025-02-28,2025-02-28,None
SHIP-100932,Business Unit A,JBHT,2025-06-04,2025-06-07,2025-06-07,None
SHIP-100933,Business Unit B,JBHT,2025-09-23,2025-09-25,2025-09-25,None
SHIP-100934,Business Unit A,KNIN,2025-07-23,2025-07-27,2025-07-26,None
SHIP-100935,Business Unit B,EXPD,2025-06-08,2025-06-10,2025-06-12,traffic
SHIP-100936,Business Unit B,KNIN,2025-10-14,2025-10-18,2025-10-17,None
SHIP-100937,Business Unit B,JBHT,2025-09-21,2025-09-24,2025-09-23,None
SHIP-100938,Business Unit B,JBHT,2025-09-05,2025-09-07,2025-09-07,None
SHIP-100939,Business Unit B,JBHT,2025-07-01,2025-07-05,2025-07-06,weather
SHIP-100940,Business Unit A,KNIN,2025-11-06,2025-11-11,2025-11-11,None
SHIP-100941,Business Unit B,JBHT,2025-06-17,2025-06-21,2025-06-21,None
SHIP-100942,Business Unit B,KNIN,2025-12-24,2025-12-29,2025-12-29,None
SHIP-100943,Business Unit A,MAEU,2025-11-21,2025-11-25,2025-11-28,carrier delay
SHIP-100944,Business Unit B,JBHT,2025-06-03,2025-06-06,2025-06-06,None
SHIP-100945,Business Unit B,KNIN,2025-06-04,2025-06-06,2025-06-06,None
SHIP-100946,Business Unit B,KNIN,2025-06-19,2025-06-21,2025-06-21,None
SHIP-100947,Business Unit A,MAEU,2025-09-08,2025-09-13,2025-09-13,None
SHIP-100948,Business Unit A,CHRW,2025-06-04,2025-06-07,2025-06-08,weather
SHIP-100949,Business Unit B,JBHT,2025-01-04,2025-01-06,2025-01-05,None
SHIP-100950,Business Unit B,KNIN,2025-08-07,2025-08-10,2025-08-09,None
SHIP-100951,Business Unit B,CHRW,2025-09-03,2025-09-06,2025-09-06,None
SHIP-100952,Business Unit B,MAEU,2025-04-17,2025-04-19,2025-04-19,None
SHIP-100953,Business Unit B,JBHT,2025-03-24,2025-03-27,2025-03-26,None
SHIP-100954,Business Unit A,JBHT,2025-01-01,2025-01-06,2025-01-06,None
SHIP-100955,Business Unit A,CHRW,2025-01-19,2025-01-22,2025-01-21,None
SHIP-100956,Business Unit A,KNIN,2025-05-05,2025-05-08,2025-05-10,consignee reschedule
SHIP-100957,Business Unit A,CHRW,2025-05-31,2025-06-03,2025-06-04,traffic
SHIP-100958,Business Unit B,MAEU,2025-05-10,2025-05-12,2025-05-12,None
SHIP-100959,Business Unit A,EXPD,2025-08-08,2025-08-10,2025-08-10,None
SHIP-100960,Business Unit B,KNIN,2025-11-01,2025-11-06,2025-11-09,consignee reschedule
SHIP-100961,Business Unit A,MAEU,2025-04-24,2025-04-27,2025-04-29,consignee reschedule
SHIP-100962,Business Unit A,CHRW,2025-08-14,2025-08-17,2025-08-17,None
SHIP-100963,Business Unit A,JBHT,2025-04-14,2025-04-17,2025-04-17,None
SHIP-100964,Business Unit B,MAEU,2025-08-21,2025-08-23,2025-08-23,None
SHIP-100965,Business Unit A,MAEU,2025-02-25,2025-02-28,2025-02-27,None
SHIP-100966,Business Unit B,CHRW,2025-01-09,2025-01-12,2025-01-11,None
SHIP-100967,Business Unit B,KNIN,2025-02-02,2025-02-04,2025-02-04,None
SHIP-100968,Business Unit A,CHRW,2025-01-16,2025-01-21,2025-01-20,None
SHIP-100969,Business Unit B,EXPD,2025-04-15,2025-04-18,2025-04-18,None
SHIP-100970,Business Unit A,KNIN,2025-01-17,2025-01-20,2025-01-20,None
SHIP-100971,Business Unit A,EXPD,2025-09-15,2025-09-18,2025-09-18,None
SHIP-100972,Business Unit A,MAEU,2025-05-19,2025-05-22,2025-05-21,None
SHIP-100973,Business Unit A,MAEU,2025-02-17,2025-02-21,2025-02-20,None
SHIP-100974,Business Unit B,JBHT,2025-10-14,2025-10-19,2025-10-19,None
SHIP-100975,Business Unit A,MAEU,2025-12-03,2025-12-06,2025-12-05,None
SHIP-100976,Business Unit A,JBHT,2025-04-16,2025-04-21,2025-04-20,None
SHIP-100977,Business Unit A,KNIN,2025-11-28,2025-12-01,2025-11-30,None
SHIP-100978,Business Unit B,EXPD,2025-03-02,2025-03-04,2025-03-04,None
SHIP-100979,Business Unit A,CHRW,2025-03-11,2025-03-14,2025-03-13,None
SHIP-100980,Business Unit A,MAEU,2025-03-11,2025-03-15,2025-03-15,None
SHIP-100981,Business Unit A,KNIN,2025-11-28,2025-12-02,2025-12-03,equipment failure
SHIP-100982,Business Unit A,EXPD,2025-05-02,2025-05-06,2025-05-07,consignee reschedule
SHIP-100983,Business Unit A,EXPD,2025-03-02,2025-03-05,2025-03-06,equipment failure
SHIP-100984,Business Unit A,KNIN,2025-06-08,2025-06-12,2025-06-11,None
SHIP-100985,Business Unit A,JBHT,2025-09-14,2025-09-18,2025-09-18,None
SHIP-100986,Business Unit A,KNIN,2025-05-28,2025-05-31,2025-05-30,None
SHIP-100987,Business Unit B,KNIN,2025-08-31,2025-09-02,2025-09-01,None
SHIP-100988,Business Unit B,JBHT,2025-12-27,2025-12-31,2025-12-31,None
SHIP-100989,Business Unit B,JBHT,2025-09-02,2025-09-04,2025-09-03,None
SHIP-100990,Business Unit B,CHRW,2025-09-29,2025-10-02,2025-10-05,traffic
SHIP-100991,Business Unit B,MAEU,2025-02-10,2025-02-12,2025-02-12,None
SHIP-100992,Business Unit B,KNIN,2025-10-08,2025-10-13,2025-10-13,None
SHIP-100993,Business Unit B,KNIN,2025-09-17,2025-09-20,2025-09-20,None
SHIP-100994,Business Unit A,JBHT,2025-02-08,2025-02-10,2025-02-12,late pick
SHIP-100995,Business Unit A,EXPD,2025-12-13,2025-12-15,2025-12-15,None
SHIP-100996,Business Unit A,JBHT,2025-06-12,2025-06-14,2025-06-13,None
SHIP-100997,Business Unit B,KNIN,2025-04-22,2025-04-26,2025-04-26,None
SHIP-100998,Business Unit B,JBHT,2025-07-23,2025-07-25,2025-07-24,None
SHIP-100999,Business Unit A,KNIN,2025-01-13,2025-01-15,2025-01-14,None
SHIP-101000,Business Unit A,EXPD,2025-07-17,2025-07-19,2025-07-19,None
